Rank,Team,Latest results,Upcoming matches,Points
1,France,FIFA World Cup 26™ UEFA QualifiersGroup D13 October 2025Iceland2France213 October 2025FIFA World Cup 26™ UEFA QualifiersGroup D13 November 2025France4Ukraine013 November 2025FIFA World Cup 26™ UEFA QualifiersGroup D16 November 2025Azerbaijan1France316 November 2025Friendly 202626 March 2026Brazil1France226 March 2026Friendly 202629 March 2026France3Colombia129 March 2026,,1877.32
2,Spain,FIFA World Cup 26™ UEFA QualifiersGroup E14 October 2025Spain4Bulgaria014 October 2025FIFA World Cup 26™ UEFA QualifiersGroup E15 November 2025Georgia0Spain415 November 2025FIFA World Cup 26™ UEFA QualifiersGroup E18 November 2025Spain2Türkiye218 November 2025Friendly 202627 March 2026Spain3Serbia027 March 2026Friendly 202631 March 2026Spain0Egypt031 March 2026,SpainIraq04 Jun19:00,1876.40
3,Argentina,Friendly 202511 October 2025Argentina1Venezuela011 October 2025Friendly 202515 October 2025Argentina6Puerto Rico015 October 2025Friendly 202514 November 2025Angola0Argentina214 November 2025Friendly 202627 March 2026Argentina2Mauritania127 March 2026Friendly 202631 March 2026Argentina5Zambia031 March 2026,ArgentinaHonduras07 Jun00:00,1874.81
4,England,FIFA World Cup 26™ UEFA QualifiersGroup K14 October 2025Latvia0England514 October 2025FIFA World Cup 26™ UEFA QualifiersGroup K13 November 2025England2Serbia013 November 2025FIFA World Cup 26™ UEFA QualifiersGroup K16 November 2025Albania0England216 November 2025Friendly 202627 March 2026England1Uruguay127 March 2026Friendly 202631 March 2026England0Japan131 March 2026,,1825.97
5,Portugal,FIFA World Cup 26™ UEFA QualifiersGroup F14 October 2025Portugal2Hungary214 October 2025FIFA World Cup 26™ UEFA QualifiersGroup F13 November 2025Republic of Ireland2Portugal013 November 2025FIFA World Cup 26™ UEFA QualifiersGroup F16 November 2025Portugal9Armenia116 November 2025Friendly 202629 March 2026Mexico0Portugal029 March 2026Friendly 202631 March 2026USA0Portugal231 March 2026,,1763.83
6,Brazil,Friendly 202514 October 2025Japan3Brazil214 October 2025Friendly 202515 November 2025Brazil2Senegal015 November 2025Friendly 202518 November 2025Brazil1Tunisia118 November 2025Friendly 202626 March 2026Brazil1France226 March 2026Friendly 202601 April 2026Brazil3Croatia101 April 2026,BrazilPanama31 May21:00,1761.16
7,Netherlands,FIFA World Cup 26™ UEFA QualifiersGroup G12 October 2025Netherlands4Finland012 October 2025FIFA World Cup 26™ UEFA QualifiersGroup G14 November 2025Poland1Netherlands114 November 2025FIFA World Cup 26™ UEFA QualifiersGroup G17 November 2025Netherlands4Lithuania017 November 2025Friendly 202627 March 2026Netherlands2Norway127 March 2026Friendly 202631 March 2026Netherlands1Ecuador131 March 2026,NetherlandsUzbekistan08 Jun18:45,1757.87
8,Morocco,Africa Cup of Nations 2025Quarter-final09 January 2026Cameroon0Morocco209 January 2026Africa Cup of Nations 2025Semi-final14 January 2026Nigeria0(2)MoroccoWon 4 - 2 On Penalties0(4)14 January 2026Africa Cup of Nations 2025FinalForfeitedSenegalMoroccoForfeitedFriendly 202627 March 2026Morocco1Ecuador127 March 2026Friendly 202631 March 2026Morocco2Paraguay131 March 2026,,1755.87
9,Belgium,FIFA World Cup 26™ UEFA QualifiersGroup J13 October 2025Wales2Belgium413 October 2025FIFA World Cup 26™ UEFA QualifiersGroup J15 November 2025Kazakhstan1Belgium115 November 2025FIFA World Cup 26™ UEFA QualifiersGroup J18 November 2025Belgium7Liechtenstein018 November 2025Friendly 202628 March 2026USA2Belgium528 March 2026Friendly 202601 April 2026Mexico1Belgium101 April 2026,CroatiaBelgium02 Jun16:00,1734.71
10,Germany,FIFA World Cup 26™ UEFA QualifiersGroup A13 October 2025Northern Ireland0Germany113 October 2025FIFA World Cup 26™ UEFA QualifiersGroup A14 November 2025Luxembourg0Germany214 November 2025FIFA World Cup 26™ UEFA QualifiersGroup A17 November 2025Germany6Slovakia017 November 2025Friendly 202627 March 2026Switzerland3Germany427 March 2026Friendly 202630 March 2026Germany2Ghana130 March 2026,USAGermany06 Jun19:30,1730.37
11,Croatia,FIFA World Cup 26™ UEFA QualifiersGroup L12 October 2025Croatia3Gibraltar012 October 2025FIFA World Cup 26™ UEFA QualifiersGroup L14 November 2025Croatia3Faroe Islands114 November 2025FIFA World Cup 26™ UEFA QualifiersGroup L17 November 2025Montenegro2Croatia317 November 2025Friendly 202626 March 2026Colombia1Croatia226 March 2026Friendly 202601 April 2026Brazil3Croatia101 April 2026,CroatiaBelgium02 Jun16:00,1717.07
12,Italy,FIFA World Cup 26™ UEFA QualifiersGroup I14 October 2025Italy3Israel014 October 2025FIFA World Cup 26™ UEFA QualifiersGroup I13 November 2025Moldova0Italy213 November 2025FIFA World Cup 26™ UEFA QualifiersGroup I16 November 2025Italy1Norway416 November 2025FIFA World Cup 26™ UEFA QualifiersPath A – Semi-final26 March 2026Italy2Northern Ireland026 March 2026FIFA World Cup 26™ UEFA QualifiersPath A – Final31 March 2026Bosnia and HerzegovinaWon 4 - 1 On Penalties1(4)Italy1(1)31 March 2026,LuxembourgItaly03 Jun18:45,1700.37
13,Colombia,Friendly 202515 October 2025Colombia0Canada015 October 2025Friendly 202516 November 2025Colombia2New Zealand116 November 2025Friendly 202519 November 2025Colombia3Australia019 November 2025Friendly 202626 March 2026Colombia1Croatia226 March 2026Friendly 202629 March 2026France3Colombia129 March 2026,ColombiaCosta Rica29 May23:00,1693.09
14,Senegal,Africa Cup of Nations 2025Quarter-final09 January 2026Mali0Senegal109 January 2026Africa Cup of Nations 2025Semi-final14 January 2026Senegal1Egypt014 January 2026Africa Cup of Nations 2025FinalForfeitedSenegalMoroccoForfeitedFriendly 202628 March 2026Peru0Senegal228 March 2026Friendly 202631 March 2026Senegal3The Gambia131 March 2026,USASenegal31 May19:30,1688.99
15,Mexico,Friendly 202625 January 2026Bolivia0Mexico125 January 2026Friendly 202626 February 2026Mexico4Iceland026 February 2026Friendly 202629 March 2026Mexico0Portugal029 March 2026Friendly 202601 April 2026Mexico1Belgium101 April 2026Friendly 202623 May 2026Mexico2Ghana023 May 2026,MexicoAustralia31 May02:00,1681.03*
16,USA,Friendly 202515 October 2025USA2Australia115 October 2025Friendly 202515 November 2025USA2Paraguay115 November 2025Friendly 202519 November 2025USA5Uruguay119 November 2025Friendly 202628 March 2026USA2Belgium528 March 2026Friendly 202631 March 2026USA0Portugal231 March 2026,USASenegal31 May19:30,1673.13
17,Uruguay,Friendly 202513 October 2025Uzbekistan1Uruguay213 October 2025Friendly 202516 November 2025Mexico0Uruguay016 November 2025Friendly 202519 November 2025USA5Uruguay119 November 2025Friendly 202627 March 2026England1Uruguay127 March 2026Friendly 202631 March 2026Algeria0Uruguay031 March 2026,,1673.07
18,Japan,Friendly 202514 October 2025Japan3Brazil214 October 2025Friendly 202514 November 2025Japan2Ghana014 November 2025Friendly 202518 November 2025Japan3Bolivia018 November 2025Friendly 202628 March 2026Scotland0Japan128 March 2026Friendly 202631 March 2026England0Japan131 March 2026,JapanIceland31 May10:25,1660.43
19,Switzerland,FIFA World Cup 26™ UEFA QualifiersGroup B13 October 2025Slovenia0Switzerland013 October 2025FIFA World Cup 26™ UEFA QualifiersGroup B15 November 2025Switzerland4Sweden115 November 2025FIFA World Cup 26™ UEFA QualifiersGroup B18 November 2025Kosovo1Switzerland118 November 2025Friendly 202627 March 2026Switzerland3Germany427 March 2026Friendly 202631 March 2026Norway0Switzerland031 March 2026,SwitzerlandJordan31 May13:00,1649.40
20,Denmark,FIFA World Cup 26™ UEFA QualifiersGroup C12 October 2025Denmark3Greece112 October 2025FIFA World Cup 26™ UEFA QualifiersGroup C15 November 2025Denmark2Belarus215 November 2025FIFA World Cup 26™ UEFA QualifiersGroup C18 November 2025Scotland4Denmark218 November 2025FIFA World Cup 26™ UEFA QualifiersPath D – Semi-final26 March 2026Denmark4North Macedonia026 March 2026FIFA World Cup 26™ UEFA QualifiersPath D – Final31 March 2026CzechiaWon 3 - 1 On Penalties2(3)Denmark2(1)31 March 2026,Congo DRDenmark03 Jun18:00,1620.81
21,IR Iran,Friendly 202514 October 2025IR Iran2Tanzania014 October 2025Al Ain International Cup 2025Semi-final13 November 2025IR IranWon 5 - 4 On Penalties0(5)Cabo Verde0(4)13 November 2025Al Ain International Cup 2025Final18 November 2025IR Iran0(3)UzbekistanWon 4 - 3 On Penalties0(4)18 November 2025Friendly 202627 March 2026IR Iran1Nigeria227 March 2026Friendly 202631 March 2026IR Iran5Costa Rica031 March 2026,IR IranThe Gambia29 May15:30,1615.30
22,Türkiye,FIFA World Cup 26™ UEFA QualifiersGroup E14 October 2025Türkiye4Georgia114 October 2025FIFA World Cup 26™ UEFA QualifiersGroup E15 November 2025Türkiye2Bulgaria015 November 2025FIFA World Cup 26™ UEFA QualifiersGroup E18 November 2025Spain2Türkiye218 November 2025FIFA World Cup 26™ UEFA QualifiersPath C – Semi-final26 March 2026Türkiye1Romania026 March 2026FIFA World Cup 26™ UEFA QualifiersPath C – Final31 March 2026Kosovo0Türkiye131 March 2026,TürkiyeNorth Macedonia01 Jun17:30,1599.04
23,Ecuador,Friendly 202515 October 2025Mexico1Ecuador115 October 2025Friendly 202514 November 2025Canada0Ecuador014 November 2025Friendly 202519 November 2025Ecuador2New Zealand019 November 2025Friendly 202627 March 2026Morocco1Ecuador127 March 2026Friendly 202631 March 2026Netherlands1Ecuador131 March 2026,Saudi ArabiaEcuador31 May00:30,1594.78
24,Austria,FIFA World Cup 26™ UEFA QualifiersGroup H12 October 2025Romania1Austria012 October 2025FIFA World Cup 26™ UEFA QualifiersGroup H15 November 2025Cyprus0Austria215 November 2025FIFA World Cup 26™ UEFA QualifiersGroup H18 November 2025Austria1Bosnia and Herzegovina118 November 2025Friendly 202627 March 2026Austria5Ghana127 March 2026Friendly 202631 March 2026Austria1Korea Republic031 March 2026,AustriaTunisia01 Jun18:45,1593.45
25,Korea Republic,Friendly 202514 October 2025Korea Republic2Paraguay014 October 2025Friendly 202514 November 2025Korea Republic2Bolivia014 November 2025Friendly 202518 November 2025Korea Republic1Ghana018 November 2025Friendly 202628 March 2026Korea Republic0Côte d'Ivoire428 March 2026Friendly 202631 March 2026Austria1Korea Republic031 March 2026,Korea RepublicTrinidad and Tobago30 May16:00,1588.66
26,Nigeria,Africa Cup of Nations 2025Semi-final14 January 2026Nigeria0(2)MoroccoWon 4 - 2 On Penalties0(4)14 January 2026Africa Cup of Nations 2025Match for third place17 January 2026Egypt0(2)NigeriaWon 4 - 2 On Penalties0(4)17 January 2026Friendly 202627 March 2026IR Iran1Nigeria227 March 2026Friendly 202631 March 2026Jordan2Nigeria231 March 2026The Unity Cup 2026Semi-final26 May 2026Nigeria2Zimbabwe026 May 2026,NigeriaJamaica30 May18:30,1585.09*
27,Australia,Friendly 202515 October 2025USA2Australia115 October 2025Friendly 202515 November 2025Venezuela1Australia015 November 2025Friendly 202519 November 2025Colombia3Australia019 November 2025FIFA Series 2026™ AustraliaPre-arranged fixture27 March 2026Australia1Cameroon027 March 2026FIFA Series 2026™ AustraliaPre-arranged fixture31 March 2026Australia5Curaçao131 March 2026,MexicoAustralia31 May02:00,1580.67
28,Algeria,Africa Cup of Nations 2025Group E31 December 2025Equatorial Guinea1Algeria331 December 2025Africa Cup of Nations 2025Round of 1606 January 2026Algeria1Congo DR006 January 2026Africa Cup of Nations 2025Quarter-final10 January 2026Algeria0Nigeria210 January 2026Friendly 202627 March 2026Algeria7Guatemala027 March 2026Friendly 202631 March 2026Algeria0Uruguay031 March 2026,,1564.26
29,Egypt,Africa Cup of Nations 2025Semi-final14 January 2026Senegal1Egypt014 January 2026Africa Cup of Nations 2025Match for third place17 January 2026Egypt0(2)NigeriaWon 4 - 2 On Penalties0(4)17 January 2026Friendly 202627 March 2026Saudi Arabia0Egypt427 March 2026Friendly 202631 March 2026Spain0Egypt031 March 2026Friendly 202628 May 2026Egypt1Russia028 May 2026,,1563.24*
30,Canada,Friendly 202515 October 2025Colombia0Canada015 October 2025Friendly 202514 November 2025Canada0Ecuador014 November 2025Friendly 202519 November 2025Canada2Venezuela019 November 2025Friendly 202628 March 2026Canada2Iceland228 March 2026Friendly 202631 March 2026Canada0Tunisia031 March 2026,,1556.48
31,Norway,Friendly 202514 October 2025Norway1New Zealand114 October 2025FIFA World Cup 26™ UEFA QualifiersGroup I13 November 2025Norway4Estonia113 November 2025FIFA World Cup 26™ UEFA QualifiersGroup I16 November 2025Italy1Norway416 November 2025Friendly 202627 March 2026Netherlands2Norway127 March 2026Friendly 202631 March 2026Norway0Switzerland031 March 2026,NorwaySweden01 Jun17:00,1550.94
32,Ukraine,FIFA World Cup 26™ UEFA QualifiersGroup D13 October 2025Ukraine2Azerbaijan113 October 2025FIFA World Cup 26™ UEFA QualifiersGroup D13 November 2025France4Ukraine013 November 2025FIFA World Cup 26™ UEFA QualifiersGroup D16 November 2025Ukraine2Iceland016 November 2025FIFA World Cup 26™ UEFA QualifiersPath B – Semi-final26 March 2026Ukraine1Sweden326 March 2026Friendly 202631 March 2026Ukraine1Albania031 March 2026,PolandUkraine31 May15:30,1546.88
33,Panama,FIFA World Cup 26™ Concacaf QualifiersGroup A19 November 2025Panama3El Salvador019 November 2025Friendly 202618 January 2026Bolivia1Panama118 January 2026Friendly 202623 January 2026Panama0Mexico123 January 2026Friendly 202627 March 2026South Africa1Panama127 March 2026Friendly 202631 March 2026South Africa1Panama231 March 2026,BrazilPanama31 May21:00,1540.64
34,Côte d'Ivoire,Africa Cup of Nations 2025Group F31 December 2025Gabon2Côte d'Ivoire331 December 2025Africa Cup of Nations 2025Round of 1606 January 2026Côte d'Ivoire3Burkina Faso006 January 2026Africa Cup of Nations 2025Quarter-final10 January 2026Egypt3Côte d'Ivoire210 January 2026Friendly 202628 March 2026Korea Republic0Côte d'Ivoire428 March 2026Friendly 202631 March 2026Scotland0Côte d'Ivoire131 March 2026,,1532.98
35,Poland,FIFA World Cup 26™ UEFA QualifiersGroup G12 October 2025Lithuania0Poland212 October 2025FIFA World Cup 26™ UEFA QualifiersGroup G14 November 2025Poland1Netherlands114 November 2025FIFA World Cup 26™ UEFA QualifiersGroup G17 November 2025Malta2Poland317 November 2025FIFA World Cup 26™ UEFA QualifiersPath B – Semi-final26 March 2026Poland2Albania126 March 2026FIFA World Cup 26™ UEFA QualifiersPath B – Final31 March 2026Sweden3Poland231 March 2026,PolandUkraine31 May15:30,1528.00
36,Russia,Friendly 202512 November 2025Russia1Peru112 November 2025Friendly 202515 November 2025Russia0Chile215 November 2025Friendly 202627 March 2026Russia3Nicaragua127 March 2026Friendly 202631 March 2026Russia0Mali031 March 2026Friendly 202628 May 2026Egypt1Russia028 May 2026,,1525.60*
37,Wales,FIFA World Cup 26™ UEFA QualifiersGroup J13 October 2025Wales2Belgium413 October 2025FIFA World Cup 26™ UEFA QualifiersGroup J15 November 2025Liechtenstein0Wales115 November 2025FIFA World Cup 26™ UEFA QualifiersGroup J18 November 2025Wales7North Macedonia118 November 2025FIFA World Cup 26™ UEFA QualifiersPath A – Semi-final26 March 2026Wales1(2)Bosnia and HerzegovinaWon 4 - 2 On Penalties1(4)26 March 2026Friendly 202631 March 2026Wales1Northern Ireland131 March 2026,WalesGhana02 Jun18:45,1524.29
38,Sweden,FIFA World Cup 26™ UEFA QualifiersGroup B13 October 2025Sweden0Kosovo113 October 2025FIFA World Cup 26™ UEFA QualifiersGroup B15 November 2025Switzerland4Sweden115 November 2025FIFA World Cup 26™ UEFA QualifiersGroup B18 November 2025Sweden1Slovenia118 November 2025FIFA World Cup 26™ UEFA QualifiersPath B – Semi-final26 March 2026Ukraine1Sweden326 March 2026FIFA World Cup 26™ UEFA QualifiersPath B – Final31 March 2026Sweden3Poland231 March 2026,NorwaySweden01 Jun17:00,1514.77
39,Serbia,FIFA World Cup 26™ UEFA QualifiersGroup K14 October 2025Andorra1Serbia314 October 2025FIFA World Cup 26™ UEFA QualifiersGroup K13 November 2025England2Serbia013 November 2025FIFA World Cup 26™ UEFA QualifiersGroup K16 November 2025Serbia2Latvia116 November 2025Friendly 202627 March 2026Spain3Serbia027 March 2026Friendly 202631 March 2026Serbia2Saudi Arabia131 March 2026,Cabo VerdeSerbia31 May14:30,1508.65
40,Paraguay,Friendly 202514 October 2025Korea Republic2Paraguay014 October 2025Friendly 202515 November 2025USA2Paraguay115 November 2025Friendly 202519 November 2025Mexico1Paraguay219 November 2025Friendly 202627 March 2026Greece0Paraguay127 March 2026Friendly 202631 March 2026Morocco2Paraguay131 March 2026,,1503.50
41,Czechia,FIFA World Cup 26™ UEFA QualifiersGroup L12 October 2025Faroe Islands2Czechia112 October 2025Friendly 202513 November 2025Czechia1San Marino013 November 2025FIFA World Cup 26™ UEFA QualifiersGroup L17 November 2025Czechia6Gibraltar017 November 2025FIFA World Cup 26™ UEFA QualifiersPath D – Semi-final26 March 2026CzechiaWon 4 - 3 On Penalties2(4)Republic of Ireland2(3)26 March 2026FIFA World Cup 26™ UEFA QualifiersPath D – Final31 March 2026CzechiaWon 3 - 1 On Penalties2(3)Denmark2(1)31 March 2026,CzechiaKosovo31 May14:00,1501.38
42,Hungary,FIFA World Cup 26™ UEFA QualifiersGroup F14 October 2025Portugal2Hungary214 October 2025FIFA World Cup 26™ UEFA QualifiersGroup F13 November 2025Armenia0Hungary113 November 2025FIFA World Cup 26™ UEFA QualifiersGroup F16 November 2025Hungary2Republic of Ireland316 November 2025Friendly 202628 March 2026Hungary1Slovenia028 March 2026Friendly 202631 March 2026Hungary0Greece031 March 2026,HungaryFinland05 Jun17:45,1500.58
43,Scotland,FIFA World Cup 26™ UEFA QualifiersGroup C12 October 2025Scotland2Belarus112 October 2025FIFA World Cup 26™ UEFA QualifiersGroup C15 November 2025Greece3Scotland215 November 2025FIFA World Cup 26™ UEFA QualifiersGroup C18 November 2025Scotland4Denmark218 November 2025Friendly 202628 March 2026Scotland0Japan128 March 2026Friendly 202631 March 2026Scotland0Côte d'Ivoire131 March 2026,ScotlandCuraçao30 May12:00,1498.35
44,Tunisia,Africa Cup of Nations 2025Group C27 December 2025Nigeria3Tunisia227 December 2025Africa Cup of Nations 2025Group C30 December 2025Tanzania1Tunisia130 December 2025Africa Cup of Nations 2025Round of 1603 January 2026MaliWon 3 - 2 On Penalties1(3)Tunisia1(2)03 January 2026Friendly 202629 March 2026Haiti0Tunisia129 March 2026Friendly 202631 March 2026Canada0Tunisia031 March 2026,AustriaTunisia01 Jun18:45,1483.05
45,Cameroon,Africa Cup of Nations 2025Group F31 December 2025Mozambique1Cameroon231 December 2025Africa Cup of Nations 2025Round of 1604 January 2026South Africa1Cameroon204 January 2026Africa Cup of Nations 2025Quarter-final09 January 2026Cameroon0Morocco209 January 2026FIFA Series 2026™ AustraliaPre-arranged fixture27 March 2026Australia1Cameroon027 March 2026FIFA Series 2026™ AustraliaPre-arranged fixture31 March 2026Cameroon2China PR031 March 2026,,1481.24
46,Congo DR,Africa Cup of Nations 2025Group D23 December 2025Congo DR1Benin023 December 2025Africa Cup of Nations 2025Group D27 December 2025Senegal1Congo DR127 December 2025Africa Cup of Nations 2025Group D30 December 2025Botswana0Congo DR330 December 2025Africa Cup of Nations 2025Round of 1606 January 2026Algeria1Congo DR006 January 2026FIFA World Cup 2026™ Play-Off TournamentPath A - Final31 March 2026Congo DR1Jamaica031 March 2026,Congo DRDenmark03 Jun18:00,1478.35
47,Greece,FIFA World Cup 26™ UEFA QualifiersGroup C12 October 2025Denmark3Greece112 October 2025FIFA World Cup 26™ UEFA QualifiersGroup C15 November 2025Greece3Scotland215 November 2025FIFA World Cup 26™ UEFA QualifiersGroup C18 November 2025Belarus0Greece018 November 2025Friendly 202627 March 2026Greece0Paraguay127 March 2026Friendly 202631 March 2026Hungary0Greece031 March 2026,SwedenGreece04 Jun17:00,1475.82
48,Slovakia,FIFA World Cup 26™ UEFA QualifiersGroup A13 October 2025Slovakia2Luxembourg013 October 2025FIFA World Cup 26™ UEFA QualifiersGroup A14 November 2025Slovakia1Northern Ireland014 November 2025FIFA World Cup 26™ UEFA QualifiersGroup A17 November 2025Germany6Slovakia017 November 2025FIFA World Cup 26™ UEFA QualifiersPath C – Semi-final26 March 2026Slovakia3Kosovo426 March 2026Friendly 202631 March 2026Slovakia2Romania031 March 2026,SlovakiaMalta01 Jun16:00,1473.94
49,Venezuela,Friendly 202511 October 2025Argentina1Venezuela011 October 2025Friendly 202515 November 2025Venezuela1Australia015 November 2025Friendly 202519 November 2025Canada2Venezuela019 November 2025FIFA Series 2026™ UzbekistanSemi-final27 March 2026Venezuela4Trinidad and Tobago127 March 2026FIFA Series 2026™ UzbekistanSemi-final30 March 2026Uzbekistan0Venezuela030 March 2026,VenezuelaTürkiye06 Jun22:00,1468.05
50,Uzbekistan,Friendly 202513 October 2025Uzbekistan1Uruguay213 October 2025Al Ain International Cup 2025Semi-final14 November 2025Egypt0Uzbekistan214 November 2025Al Ain International Cup 2025Final18 November 2025IR Iran0(3)UzbekistanWon 4 - 3 On Penalties0(4)18 November 2025FIFA Series 2026™ UzbekistanSemi-final27 March 2026Uzbekistan3Gabon127 March 2026FIFA Series 2026™ UzbekistanSemi-final30 March 2026Uzbekistan0Venezuela030 March 2026,NetherlandsUzbekistan08 Jun18:45,1465.34
51,Costa Rica,FIFA World Cup 26™ Concacaf QualifiersGroup C14 October 2025Costa Rica4Nicaragua114 October 2025FIFA World Cup 26™ Concacaf QualifiersGroup C14 November 2025Haiti1Costa Rica014 November 2025FIFA World Cup 26™ Concacaf QualifiersGroup C19 November 2025Costa Rica0Honduras019 November 2025Friendly 202627 March 2026Jordan2Costa Rica227 March 2026Friendly 202631 March 2026IR Iran5Costa Rica031 March 2026,ColombiaCosta Rica29 May23:00,1459.90
52,Mali,Africa Cup of Nations 2025Group A26 December 2025Morocco1Mali126 December 2025Africa Cup of Nations 2025Group A29 December 2025Comoros0Mali029 December 2025Africa Cup of Nations 2025Round of 1603 January 2026MaliWon 3 - 2 On Penalties1(3)Tunisia1(2)03 January 2026Africa Cup of Nations 2025Quarter-final09 January 2026Mali0Senegal109 January 2026Friendly 202631 March 2026Russia0Mali031 March 2026,,1459.13
53,Peru,Friendly 202510 October 2025Chile2Peru110 October 2025Friendly 202512 November 2025Russia1Peru112 November 2025Friendly 202518 November 2025Chile2Peru118 November 2025Friendly 202628 March 2026Peru0Senegal228 March 2026Friendly 202631 March 2026Peru2Honduras231 March 2026,PeruHaiti05 Jun23:30,1455.87
54,Chile,Friendly 202510 October 2025Chile2Peru110 October 2025Friendly 202515 November 2025Russia0Chile215 November 2025Friendly 202518 November 2025Chile2Peru118 November 2025FIFA Series 2026™ New ZealandPre-arranged fixture27 March 2026Chile4Cabo Verde227 March 2026FIFA Series 2026™ New ZealandPre-arranged fixture30 March 2026New Zealand4Chile130 March 2026,Congo DRChile09 Jun14:00,1455.28
55,Qatar,FIFA World Cup 26™ AFC QualifiersGroup A14 October 2025Qatar2United Arab Emirates114 October 2025FIFA Arab Cup Qatar 2025™Group A01 December 2025Qatar0Palestine101 December 2025FIFA Arab Cup Qatar 2025™Group A04 December 2025Syria1Qatar104 December 2025FIFA Arab Cup Qatar 2025™Group A07 December 2025Qatar0Tunisia307 December 2025Friendly 202628 May 2026Republic of Ireland1Qatar028 May 2026,,1454.96*
56,Romania,FIFA World Cup 26™ UEFA QualifiersGroup H12 October 2025Romania1Austria012 October 2025FIFA World Cup 26™ UEFA QualifiersGroup H15 November 2025Bosnia and Herzegovina3Romania115 November 2025FIFA World Cup 26™ UEFA QualifiersGroup H18 November 2025Romania7San Marino118 November 2025FIFA World Cup 26™ UEFA QualifiersPath C – Semi-final26 March 2026Türkiye1Romania026 March 2026Friendly 202631 March 2026Slovakia2Romania031 March 2026,GeorgiaRomania02 Jun17:00,1451.16
57,Iraq,FIFA Arab Cup Qatar 2025™Group D03 December 2025Iraq2Bahrain103 December 2025FIFA Arab Cup Qatar 2025™Group D06 December 2025Sudan0Iraq206 December 2025FIFA Arab Cup Qatar 2025™Group D09 December 2025Algeria2Iraq009 December 2025FIFA Arab Cup Qatar 2025™Quarter-final12 December 2025Jordan1Iraq012 December 2025FIFA World Cup 2026™ Play-Off TournamentPath B - Final01 April 2026Iraq2Bolivia101 April 2026,IraqAndorra29 May15:00,1447.14
58,Slovenia,FIFA World Cup 26™ UEFA QualifiersGroup B13 October 2025Slovenia0Switzerland013 October 2025FIFA World Cup 26™ UEFA QualifiersGroup B15 November 2025Slovenia0Kosovo215 November 2025FIFA World Cup 26™ UEFA QualifiersGroup B18 November 2025Sweden1Slovenia118 November 2025Friendly 202628 March 2026Hungary1Slovenia028 March 2026Friendly 202631 March 2026Montenegro2Slovenia331 March 2026,SloveniaCyprus04 Jun16:00,1446.44
59,Republic of Ireland,FIFA World Cup 26™ UEFA QualifiersGroup F16 November 2025Hungary2Republic of Ireland316 November 2025FIFA World Cup 26™ UEFA QualifiersPath D – Semi-final26 March 2026CzechiaWon 4 - 3 On Penalties2(4)Republic of Ireland2(3)26 March 2026Friendly 202631 March 2026Republic of Ireland0North Macedonia031 March 2026Friendly 202616 May 2026Republic of Ireland5Grenada016 May 2026Friendly 202628 May 2026Republic of Ireland1Qatar028 May 2026,,1436.63*
60,South Africa,Africa Cup of Nations 2025Group B26 December 2025Egypt1South Africa026 December 2025Africa Cup of Nations 2025Group B29 December 2025Zimbabwe2South Africa329 December 2025Africa Cup of Nations 2025Round of 1604 January 2026South Africa1Cameroon204 January 2026Friendly 202627 March 2026South Africa1Panama127 March 2026Friendly 202631 March 2026South Africa1Panama231 March 2026,,1429.73
61,Saudi Arabia,FIFA Arab Cup Qatar 2025™Quarter-final11 December 2025Palestine1Saudi Arabia211 December 2025FIFA Arab Cup Qatar 2025™Semi-final15 December 2025Saudi Arabia0Jordan115 December 2025FIFA Arab Cup Qatar 2025™Match for third placeAbandonedSaudi ArabiaUnited Arab EmiratesAbandonedFriendly 202627 March 2026Saudi Arabia0Egypt427 March 2026Friendly 202631 March 2026Serbia2Saudi Arabia131 March 2026,Saudi ArabiaEcuador31 May00:30,1421.43
62,Burkina Faso,Africa Cup of Nations 2025Group E28 December 2025Algeria1Burkina Faso028 December 2025Africa Cup of Nations 2025Group E31 December 2025Sudan0Burkina Faso231 December 2025Africa Cup of Nations 2025Round of 1606 January 2026Côte d'Ivoire3Burkina Faso006 January 2026Friendly 202628 March 2026Burkina Faso5Guinea-Bissau028 March 2026Friendly 202631 March 2026Burkina Faso1Guinea-Bissau131 March 2026,,1412.49
63,Jordan,FIFA Arab Cup Qatar 2025™Quarter-final12 December 2025Jordan1Iraq012 December 2025FIFA Arab Cup Qatar 2025™Semi-final15 December 2025Saudi Arabia0Jordan115 December 2025FIFA Arab Cup Qatar 2025™Final18 December 2025Jordan2Morocco318 December 2025Friendly 202627 March 2026Jordan2Costa Rica227 March 2026Friendly 202631 March 2026Jordan2Nigeria231 March 2026,SwitzerlandJordan31 May13:00,1391.45
64,Albania,Friendly 202514 October 2025Albania4Jordan214 October 2025FIFA World Cup 26™ UEFA QualifiersGroup K13 November 2025Andorra0Albania113 November 2025FIFA World Cup 26™ UEFA QualifiersGroup K16 November 2025Albania0England216 November 2025FIFA World Cup 26™ UEFA QualifiersPath B – Semi-final26 March 2026Poland2Albania126 March 2026Friendly 202631 March 2026Ukraine1Albania031 March 2026,AlbaniaLuxembourg06 Jun18:00,1388.06
65,Bosnia and Herzegovina,Friendly 202512 October 2025Malta1Bosnia and Herzegovina412 October 2025FIFA World Cup 26™ UEFA QualifiersGroup H15 November 2025Bosnia and Herzegovina3Romania115 November 2025FIFA World Cup 26™ UEFA QualifiersGroup H18 November 2025Austria1Bosnia and Herzegovina118 November 2025FIFA World Cup 26™ UEFA QualifiersPath A – Semi-final26 March 2026Wales1(2)Bosnia and HerzegovinaWon 4 - 2 On Penalties1(4)26 March 2026FIFA World Cup 26™ UEFA QualifiersPath A – Final31 March 2026Bosnia and HerzegovinaWon 4 - 1 On Penalties1(4)Italy1(1)31 March 2026,Bosnia and HerzegovinaNorth Macedonia29 May18:30,1385.84
66,Honduras,FIFA World Cup 26™ Concacaf QualifiersGroup C10 October 2025Honduras0Costa Rica010 October 2025FIFA World Cup 26™ Concacaf QualifiersGroup C14 October 2025Honduras3Haiti014 October 2025FIFA World Cup 26™ Concacaf QualifiersGroup C14 November 2025Nicaragua2Honduras014 November 2025FIFA World Cup 26™ Concacaf QualifiersGroup C19 November 2025Costa Rica0Honduras019 November 2025Friendly 202631 March 2026Peru2Honduras231 March 2026,ArgentinaHonduras07 Jun00:00,1380.27
67,North Macedonia,FIFA World Cup 26™ UEFA QualifiersGroup J13 October 2025North Macedonia1Kazakhstan113 October 2025Friendly 202513 November 2025North Macedonia0Latvia013 November 2025FIFA World Cup 26™ UEFA QualifiersGroup J18 November 2025Wales7North Macedonia118 November 2025FIFA World Cup 26™ UEFA QualifiersPath D – Semi-final26 March 2026Denmark4North Macedonia026 March 2026Friendly 202631 March 2026Republic of Ireland0North Macedonia031 March 2026,Bosnia and HerzegovinaNorth Macedonia29 May18:30,1372.04
68,United Arab Emirates,FIFA Arab Cup Qatar 2025™Group C06 December 2025United Arab Emirates1Egypt106 December 2025FIFA Arab Cup Qatar 2025™Group C09 December 2025United Arab Emirates3Kuwait109 December 2025FIFA Arab Cup Qatar 2025™Quarter-final12 December 2025Algeria1(6)United Arab EmiratesWon 7 - 6 On Penalties1(7)12 December 2025FIFA Arab Cup Qatar 2025™Semi-final15 December 2025Morocco3United Arab Emirates015 December 2025FIFA Arab Cup Qatar 2025™Match for third placeAbandonedSaudi ArabiaUnited Arab EmiratesAbandoned,,1370.47
69,Cabo Verde,FIFA World Cup 26™ CAF QualifiersGroup D13 October 2025Cabo Verde3Eswatini013 October 2025Al Ain International Cup 2025Semi-final13 November 2025IR IranWon 5 - 4 On Penalties0(5)Cabo Verde0(4)13 November 2025Al Ain International Cup 2025Match for third place17 November 2025Cabo Verde1(0)EgyptWon 2 - 0 On Penalties1(2)17 November 2025FIFA Series 2026™ New ZealandPre-arranged fixture27 March 2026Chile4Cabo Verde227 March 2026FIFA Series 2026™ New ZealandPre-arranged fixture30 March 2026Cabo Verde1Finland130 March 2026,Cabo VerdeSerbia31 May14:30,1366.13
70,Northern Ireland,FIFA World Cup 26™ UEFA QualifiersGroup A13 October 2025Northern Ireland0Germany113 October 2025FIFA World Cup 26™ UEFA QualifiersGroup A14 November 2025Slovakia1Northern Ireland014 November 2025FIFA World Cup 26™ UEFA QualifiersGroup A17 November 2025Northern Ireland1Luxembourg017 November 2025FIFA World Cup 26™ UEFA QualifiersPath A – Semi-final26 March 2026Italy2Northern Ireland026 March 2026Friendly 202631 March 2026Wales1Northern Ireland131 March 2026,Northern IrelandGuinea04 Jun16:00,1362.16
71,Jamaica,FIFA World Cup 26™ Concacaf QualifiersGroup B14 November 2025Trinidad and Tobago1Jamaica114 November 2025FIFA World Cup 26™ Concacaf QualifiersGroup B19 November 2025Jamaica0Curaçao019 November 2025FIFA World Cup 2026™ Play-Off TournamentPath A – Semi-final27 March 2026New Caledonia0Jamaica127 March 2026FIFA World Cup 2026™ Play-Off TournamentPath A - Final31 March 2026Congo DR1Jamaica031 March 2026The Unity Cup 2026Semi-final27 May 2026Jamaica2India027 May 2026,NigeriaJamaica30 May18:30,1358.00*
72,Georgia,FIFA World Cup 26™ UEFA QualifiersGroup E14 October 2025Türkiye4Georgia114 October 2025FIFA World Cup 26™ UEFA QualifiersGroup E15 November 2025Georgia0Spain415 November 2025FIFA World Cup 26™ UEFA QualifiersGroup E18 November 2025Bulgaria2Georgia118 November 2025Friendly 202626 March 2026Georgia2Israel226 March 2026Friendly 202629 March 2026Lithuania0Georgia229 March 2026,GeorgiaRomania02 Jun17:00,1350.18
73,Finland,FIFA World Cup 26™ UEFA QualifiersGroup G12 October 2025Netherlands4Finland012 October 2025FIFA World Cup 26™ UEFA QualifiersGroup G14 November 2025Finland0Malta114 November 2025Friendly 202517 November 2025Finland4Andorra017 November 2025FIFA Series 2026™ New ZealandPre-arranged fixture27 March 2026New Zealand0Finland227 March 2026FIFA Series 2026™ New ZealandPre-arranged fixture30 March 2026Cabo Verde1Finland130 March 2026,HungaryFinland05 Jun17:45,1346.41
74,Ghana,Friendly 202514 November 2025Japan2Ghana014 November 2025Friendly 202518 November 2025Korea Republic1Ghana018 November 2025Friendly 202627 March 2026Austria5Ghana127 March 2026Friendly 202630 March 2026Germany2Ghana130 March 2026Friendly 202623 May 2026Mexico2Ghana023 May 2026,WalesGhana02 Jun18:45,1346.31*
75,Iceland,FIFA World Cup 26™ UEFA QualifiersGroup D13 November 2025Azerbaijan0Iceland213 November 2025FIFA World Cup 26™ UEFA QualifiersGroup D16 November 2025Ukraine2Iceland016 November 2025Friendly 202626 February 2026Mexico4Iceland026 February 2026Friendly 202628 March 2026Canada2Iceland228 March 2026Friendly 202631 March 2026Haiti1Iceland131 March 2026,JapanIceland31 May10:25,1345.07
76,Bolivia,Friendly 202618 January 2026Bolivia1Panama118 January 2026Friendly 202625 January 2026Bolivia0Mexico125 January 2026Friendly 202615 March 2026Bolivia3Trinidad and Tobago015 March 2026FIFA World Cup 2026™ Play-Off TournamentPath B – Semi-final26 March 2026Bolivia2Suriname126 March 2026FIFA World Cup 2026™ Play-Off TournamentPath B - Final01 April 2026Iraq2Bolivia101 April 2026,,1329.42
77,Israel,FIFA World Cup 26™ UEFA QualifiersGroup I11 October 2025Norway5Israel011 October 2025FIFA World Cup 26™ UEFA QualifiersGroup I14 October 2025Italy3Israel014 October 2025Friendly 202513 November 2025Lithuania0Israel013 November 2025FIFA World Cup 26™ UEFA QualifiersGroup I16 November 2025Israel4Moldova116 November 2025Friendly 202626 March 2026Georgia2Israel226 March 2026,,1328.33
78,Kosovo,FIFA World Cup 26™ UEFA QualifiersGroup B13 October 2025Sweden0Kosovo113 October 2025FIFA World Cup 26™ UEFA QualifiersGroup B15 November 2025Slovenia0Kosovo215 November 2025FIFA World Cup 26™ UEFA QualifiersGroup B18 November 2025Kosovo1Switzerland118 November 2025FIFA World Cup 26™ UEFA QualifiersPath C – Semi-final26 March 2026Slovakia3Kosovo426 March 2026FIFA World Cup 26™ UEFA QualifiersPath C – Final31 March 2026Kosovo0Türkiye131 March 2026,CzechiaKosovo31 May14:00,1318.83
79,Oman,Friendly 202518 November 2025Oman0Côte d'Ivoire218 November 2025FIFA Arab Cup Qatar 2025™Play-off26 November 2025OmanWon 4 - 1 On Penalties0(4)Somalia0(1)26 November 2025FIFA Arab Cup Qatar 2025™Group B02 December 2025Saudi Arabia2Oman102 December 2025FIFA Arab Cup Qatar 2025™Group B05 December 2025Oman0Morocco005 December 2025FIFA Arab Cup Qatar 2025™Group B08 December 2025Oman2Comoros108 December 2025,IndonesiaOman05 Jun13:00,1313.46
80,Guinea,FIFA World Cup 26™ CAF QualifiersGroup G14 October 2025Guinea2Botswana214 October 2025Friendly 202515 November 2025Guinea2Liberia015 November 2025Friendly 202518 November 2025Guinea1Niger118 November 2025Friendly 202627 March 2026Togo2Guinea227 March 2026Friendly 202631 March 2026Guinea0Benin131 March 2026,Northern IrelandGuinea04 Jun16:00,1300.01
81,Montenegro,Friendly 202513 October 2025Montenegro2Liechtenstein113 October 2025FIFA World Cup 26™ UEFA QualifiersGroup L14 November 2025Gibraltar1Montenegro214 November 2025FIFA World Cup 26™ UEFA QualifiersGroup L17 November 2025Montenegro2Croatia317 November 2025Friendly 202627 March 2026Montenegro2Andorra027 March 2026Friendly 202631 March 2026Montenegro2Slovenia331 March 2026,BulgariaMontenegro01 Jun16:00,1295.52
82,Curaçao,FIFA World Cup 26™ Concacaf QualifiersGroup B14 October 2025Curaçao1Trinidad and Tobago114 October 2025FIFA World Cup 26™ Concacaf QualifiersGroup B14 November 2025Bermuda0Curaçao714 November 2025FIFA World Cup 26™ Concacaf QualifiersGroup B19 November 2025Jamaica0Curaçao019 November 2025FIFA Series 2026™ AustraliaPre-arranged fixture27 March 2026China PR2Curaçao027 March 2026FIFA Series 2026™ AustraliaPre-arranged fixture31 March 2026Australia5Curaçao131 March 2026,ScotlandCuraçao30 May12:00,1294.65
83,Haiti,FIFA World Cup 26™ Concacaf QualifiersGroup C14 October 2025Honduras3Haiti014 October 2025FIFA World Cup 26™ Concacaf QualifiersGroup C14 November 2025Haiti1Costa Rica014 November 2025FIFA World Cup 26™ Concacaf QualifiersGroup C19 November 2025Haiti2Nicaragua019 November 2025Friendly 202629 March 2026Haiti0Tunisia129 March 2026Friendly 202631 March 2026Haiti1Iceland131 March 2026,HaitiNew Zealand02 Jun23:30,1291.71
84,Syria,FIFA Arab Cup Qatar 2025™Group A01 December 2025Tunisia0Syria101 December 2025FIFA Arab Cup Qatar 2025™Group A04 December 2025Syria1Qatar104 December 2025FIFA Arab Cup Qatar 2025™Group A07 December 2025Syria0Palestine007 December 2025FIFA Arab Cup Qatar 2025™Quarter-final11 December 2025Morocco1Syria011 December 2025Asian Nations Cup 2027 Prel. Comp.Group E31 March 2026Syria5Afghanistan131 March 2026,BahrainSyria09 Jun,1288.56
85,New Zealand,Friendly 202514 October 2025Norway1New Zealand114 October 2025Friendly 202516 November 2025Colombia2New Zealand116 November 2025Friendly 202519 November 2025Ecuador2New Zealand019 November 2025FIFA Series 2026™ New ZealandPre-arranged fixture27 March 2026New Zealand0Finland227 March 2026FIFA Series 2026™ New ZealandPre-arranged fixture30 March 2026New Zealand4Chile130 March 2026,HaitiNew Zealand02 Jun23:30,1281.57
86,Bulgaria,FIFA World Cup 26™ UEFA QualifiersGroup E14 October 2025Spain4Bulgaria014 October 2025FIFA World Cup 26™ UEFA QualifiersGroup E15 November 2025Türkiye2Bulgaria015 November 2025FIFA World Cup 26™ UEFA QualifiersGroup E18 November 2025Bulgaria2Georgia118 November 2025FIFA Series 2026™ IndonesiaSemi-final27 March 2026Solomon Islands2Bulgaria1027 March 2026FIFA Series 2026™ IndonesiaFinal30 March 2026Indonesia0Bulgaria130 March 2026,BulgariaMontenegro01 Jun16:00,1278.90
87,Gabon,Africa Cup of Nations 2025Group F24 December 2025Cameroon1Gabon024 December 2025Africa Cup of Nations 2025Group F28 December 2025Gabon2Mozambique328 December 2025Africa Cup of Nations 2025Group F31 December 2025Gabon2Côte d'Ivoire331 December 2025FIFA Series 2026™ UzbekistanSemi-final27 March 2026Uzbekistan3Gabon127 March 2026FIFA Series 2026™ UzbekistanSemi-final30 March 2026Trinidad and Tobago2Gabon230 March 2026,,1272.51
88,Uganda,Friendly 202514 November 2025Uganda2Chad114 November 2025Friendly 202518 November 2025Morocco4Uganda018 November 2025Africa Cup of Nations 2025Group C23 December 2025Tunisia3Uganda123 December 2025Africa Cup of Nations 2025Group C27 December 2025Uganda1Tanzania127 December 2025Africa Cup of Nations 2025Group C30 December 2025Uganda1Nigeria330 December 2025,,1264.09
89,Angola,Friendly 202514 November 2025Angola0Argentina214 November 2025Friendly 202518 November 2025Angola3Zambia218 November 2025Africa Cup of Nations 2025Group B22 December 2025South Africa2Angola122 December 2025Africa Cup of Nations 2025Group B26 December 2025Angola1Zimbabwe126 December 2025Africa Cup of Nations 2025Group B29 December 2025Angola0Egypt029 December 2025,,1263.10
90,Benin,Africa Cup of Nations 2025Group D27 December 2025Benin1Botswana027 December 2025Africa Cup of Nations 2025Group D30 December 2025Benin0Senegal330 December 2025Africa Cup of Nations 2025Round of 1605 January 2026Egypt3Benin105 January 2026Friendly 202627 March 2026Benin1Liberia027 March 2026Friendly 202631 March 2026Guinea0Benin131 March 2026,,1258.98
91,Bahrain,Friendly 202517 November 2025Bahrain1Somalia217 November 2025FIFA Arab Cup Qatar 2025™Play-off26 November 2025Bahrain1Djibouti026 November 2025FIFA Arab Cup Qatar 2025™Group D03 December 2025Iraq2Bahrain103 December 2025FIFA Arab Cup Qatar 2025™Group D06 December 2025Bahrain1Algeria506 December 2025FIFA Arab Cup Qatar 2025™Group D09 December 2025Bahrain3Sudan109 December 2025,GeorgiaBahrain05 Jun,1258.53
92,Zambia,Friendly 202516 December 2025Congo DR2Zambia016 December 2025Africa Cup of Nations 2025Group A22 December 2025Mali1Zambia122 December 2025Africa Cup of Nations 2025Group A26 December 2025Zambia0Comoros026 December 2025Africa Cup of Nations 2025Group A29 December 2025Zambia0Morocco329 December 2025Friendly 202631 March 2026Argentina5Zambia031 March 2026,,1255.82
93,Thailand,Asian Nations Cup 2027 Prel. Comp.Group D09 October 2025Thailand2Chinese Taipei009 October 2025Asian Nations Cup 2027 Prel. Comp.Group D14 October 2025Chinese Taipei1Thailand614 October 2025Friendly 202513 November 2025Thailand3Singapore213 November 2025Asian Nations Cup 2027 Prel. Comp.Group D18 November 2025Sri Lanka0Thailand418 November 2025Asian Nations Cup 2027 Prel. Comp.Group D31 March 2026Thailand2Turkmenistan131 March 2026,ThailandKuwait05 Jun,1252.14
94,China PR,East Asian Football Federation Championship 2025Matches07 July 2025Korea Republic3China PR007 July 2025East Asian Football Federation Championship 2025Matches12 July 2025Japan2China PR012 July 2025East Asian Football Federation Championship 2025Matches15 July 2025China PR1Hong Kong015 July 2025FIFA Series 2026™ AustraliaPre-arranged fixture27 March 2026China PR2Curaçao027 March 2026FIFA Series 2026™ AustraliaPre-arranged fixture31 March 2026Cameroon2China PR031 March 2026,SingaporeChina PR05 Jun11:30,1251.60
95,Palestine,FIFA Arab Cup Qatar 2025™Play-off25 November 2025PalestineWon 4 - 3 On Penalties0(4)Libya0(3)25 November 2025FIFA Arab Cup Qatar 2025™Group A01 December 2025Qatar0Palestine101 December 2025FIFA Arab Cup Qatar 2025™Group A04 December 2025Palestine2Tunisia204 December 2025FIFA Arab Cup Qatar 2025™Group A07 December 2025Syria0Palestine007 December 2025FIFA Arab Cup Qatar 2025™Quarter-final11 December 2025Palestine1Saudi Arabia211 December 2025,,1244.73
96,Guatemala,FIFA World Cup 26™ Concacaf QualifiersGroup A10 October 2025Suriname1Guatemala110 October 2025FIFA World Cup 26™ Concacaf QualifiersGroup A15 October 2025El Salvador0Guatemala115 October 2025FIFA World Cup 26™ Concacaf QualifiersGroup A14 November 2025Guatemala2Panama314 November 2025FIFA World Cup 26™ Concacaf QualifiersGroup A19 November 2025Guatemala3Suriname119 November 2025Friendly 202627 March 2026Algeria7Guatemala027 March 2026,GuatemalaCzechia05 Jun01:00,1243.47
97,Belarus,FIFA World Cup 26™ UEFA QualifiersGroup C12 October 2025Scotland2Belarus112 October 2025FIFA World Cup 26™ UEFA QualifiersGroup C15 November 2025Denmark2Belarus215 November 2025FIFA World Cup 26™ UEFA QualifiersGroup C18 November 2025Belarus0Greece018 November 2025Friendly 202626 March 2026Cyprus0Belarus126 March 2026Friendly 202629 March 2026Armenia1Belarus229 March 2026,,1235.82
98,Luxembourg,FIFA World Cup 26™ UEFA QualifiersGroup A13 October 2025Slovakia2Luxembourg013 October 2025FIFA World Cup 26™ UEFA QualifiersGroup A14 November 2025Luxembourg0Germany214 November 2025FIFA World Cup 26™ UEFA QualifiersGroup A17 November 2025Northern Ireland1Luxembourg017 November 2025UEFA Nations League 2024/25League C vs League D26 March 2026Malta0Luxembourg226 March 2026UEFA Nations League 2024/25League C vs League D31 March 2026Luxembourg3Malta031 March 2026,LuxembourgItaly03 Jun18:45,1227.77
99,Vietnam,Asian Nations Cup 2027 Prel. Comp.Group F09 October 2025Vietnam3Nepal109 October 2025Asian Nations Cup 2027 Prel. Comp.Group F14 October 2025Nepal0Vietnam114 October 2025Asian Nations Cup 2027 Prel. Comp.Group F19 November 2025Laos0Vietnam219 November 2025Friendly 202626 March 2026Vietnam3Bangladesh026 March 2026Asian Nations Cup 2027 Prel. Comp.Group F31 March 2026Vietnam3Malaysia131 March 2026,,1225.68
100,El Salvador,FIFA World Cup 26™ Concacaf QualifiersGroup A11 October 2025El Salvador0Panama111 October 2025FIFA World Cup 26™ Concacaf QualifiersGroup A15 October 2025El Salvador0Guatemala115 October 2025FIFA World Cup 26™ Concacaf QualifiersGroup A13 November 2025Suriname4El Salvador013 November 2025FIFA World Cup 26™ Concacaf QualifiersGroup A19 November 2025Panama3El Salvador019 November 2025CONCACAF Series 2025/26Group A27 March 2026Dominican Republic2El Salvador227 March 2026,,1225.26
101,Mozambique,Friendly 202517 November 2025Chad2Mozambique217 November 2025Africa Cup of Nations 2025Group F24 December 2025Côte d'Ivoire1Mozambique024 December 2025Africa Cup of Nations 2025Group F28 December 2025Gabon2Mozambique328 December 2025Africa Cup of Nations 2025Group F31 December 2025Mozambique1Cameroon231 December 2025Africa Cup of Nations 2025Round of 1605 January 2026Nigeria4Mozambique005 January 2026,IndonesiaMozambique09 Jun13:00,1224.31
102,Trinidad and Tobago,FIFA World Cup 26™ Concacaf QualifiersGroup B14 November 2025Trinidad and Tobago1Jamaica114 November 2025FIFA World Cup 26™ Concacaf QualifiersGroup B19 November 2025Trinidad and Tobago2Bermuda219 November 2025Friendly 202615 March 2026Bolivia3Trinidad and Tobago015 March 2026FIFA Series 2026™ UzbekistanSemi-final27 March 2026Venezuela4Trinidad and Tobago127 March 2026FIFA Series 2026™ UzbekistanSemi-final30 March 2026Trinidad and Tobago2Gabon230 March 2026,Korea RepublicTrinidad and Tobago30 May16:00,1222.94
103,Tajikistan,CAFA Nations Cup 2025Group B04 September 2025Tajikistan2IR Iran204 September 2025Asian Nations Cup 2027 Prel. Comp.Group A09 October 2025Tajikistan2Maldives009 October 2025Asian Nations Cup 2027 Prel. Comp.Group A14 October 2025Maldives0Tajikistan314 October 2025Asian Nations Cup 2027 Prel. Comp.Group A18 November 2025Timor-Leste0Tajikistan518 November 2025Asian Nations Cup 2027 Prel. Comp.Group A31 March 2026Tajikistan1Philippines131 March 2026,TajikistanIndia05 Jun15:00,1221.78
104,Madagascar,FIFA World Cup 26™ CAF QualifiersGroup I08 October 2025Comoros1Madagascar208 October 2025FIFA World Cup 26™ CAF QualifiersGroup I12 October 2025Mali4Madagascar112 October 2025Friendly 202517 November 2025Equatorial Guinea0Madagascar217 November 2025Friendly 202628 March 2026Kyrgyz Republic2Madagascar528 March 2026Friendly 202631 March 2026Equatorial Guinea1Madagascar131 March 2026,,1203.76
105,Equatorial Guinea,Africa Cup of Nations 2025Group E24 December 2025Burkina Faso2Equatorial Guinea124 December 2025Africa Cup of Nations 2025Group E28 December 2025Equatorial Guinea0Sudan128 December 2025Africa Cup of Nations 2025Group E31 December 2025Equatorial Guinea1Algeria331 December 2025Friendly 202625 March 2026Kyrgyz Republic0Equatorial Guinea125 March 2026Friendly 202631 March 2026Equatorial Guinea1Madagascar131 March 2026,,1195.20
106,Armenia,FIFA World Cup 26™ UEFA QualifiersGroup F11 October 2025Hungary2Armenia011 October 2025FIFA World Cup 26™ UEFA QualifiersGroup F14 October 2025Republic of Ireland1Armenia014 October 2025FIFA World Cup 26™ UEFA QualifiersGroup F13 November 2025Armenia0Hungary113 November 2025FIFA World Cup 26™ UEFA QualifiersGroup F16 November 2025Portugal9Armenia116 November 2025Friendly 202629 March 2026Armenia1Belarus229 March 2026,ArmeniaKazakhstan06 Jun14:00,1191.42
107,Kyrgyz Republic,CAFA Nations Cup 2025Group A30 August 2025Kyrgyz Republic1Turkmenistan130 August 2025CAFA Nations Cup 2025Group A02 September 2025Oman2Kyrgyz Republic102 September 2025CAFA Nations Cup 2025Group A05 September 2025Uzbekistan4Kyrgyz Republic005 September 2025Friendly 202625 March 2026Kyrgyz Republic0Equatorial Guinea125 March 2026Friendly 202628 March 2026Kyrgyz Republic2Madagascar528 March 2026,,1191.14
108,Lebanon,Friendly 202508 September 2025Indonesia0Lebanon008 September 2025Asian Nations Cup 2027 Prel. Comp.Group B09 October 2025Lebanon2Bhutan009 October 2025Asian Nations Cup 2027 Prel. Comp.Group B14 October 2025Bhutan0Lebanon414 October 2025Asian Nations Cup 2027 Prel. Comp.Group B18 November 2025Brunei0Lebanon318 November 2025FIFA Arab Cup Qatar 2025™Play-off26 November 2025Sudan2Lebanon126 November 2025,LebanonYemen04 Jun16:00,1187.96
109,Comoros,Africa Cup of Nations 2025Group A21 December 2025Morocco2Comoros021 December 2025Africa Cup of Nations 2025Group A26 December 2025Zambia0Comoros026 December 2025Africa Cup of Nations 2025Group A29 December 2025Comoros0Mali029 December 2025FIFA Series 2026™ KazakhstanSemi-final28 March 2026Namibia0Comoros028 March 2026FIFA Series 2026™ KazakhstanSemi-final31 March 2026Kazakhstan1Comoros031 March 2026,,1187.91
110,Kazakhstan,FIFA World Cup 26™ UEFA QualifiersGroup J13 October 2025North Macedonia1Kazakhstan113 October 2025FIFA World Cup 26™ UEFA QualifiersGroup J15 November 2025Kazakhstan1Belgium115 November 2025Friendly 202518 November 2025Faroe Islands1Kazakhstan018 November 2025FIFA Series 2026™ KazakhstanSemi-final25 March 2026Kazakhstan2Namibia025 March 2026FIFA Series 2026™ KazakhstanSemi-final31 March 2026Kazakhstan1Comoros031 March 2026,ArmeniaKazakhstan06 Jun14:00,1182.96
111,Kenya,FIFA World Cup 26™ CAF QualifiersGroup F14 October 2025Côte d'Ivoire3Kenya014 October 2025Friendly 202514 November 2025Equatorial Guinea1Kenya014 November 2025Friendly 202518 November 2025Senegal8Kenya018 November 2025FIFA Series 2026™ RwandaSemi-final27 March 2026Kenya1(4)EstoniaWon 5 - 4 On Penalties1(5)27 March 2026FIFA Series 2026™ RwandaMatch for third place30 March 2026Grenada0Kenya330 March 2026,,1182.23
112,Libya,FIFA World Cup 26™ CAF QualifiersGroup D13 October 2025Mauritius0Libya013 October 2025Friendly 202515 November 2025Libya1Mauritania015 November 2025FIFA Arab Cup Qatar 2025™Play-off25 November 2025PalestineWon 4 - 3 On Penalties0(4)Libya0(3)25 November 2025Friendly 202627 March 2026Libya0Niger027 March 2026Friendly 202631 March 2026Liberia2Libya231 March 2026,,1182.08
113,Tanzania,Africa Cup of Nations 2025Group C27 December 2025Uganda1Tanzania127 December 2025Africa Cup of Nations 2025Group C30 December 2025Tanzania1Tunisia130 December 2025Africa Cup of Nations 2025Round of 1604 January 2026Morocco1Tanzania004 January 2026FIFA Series 2026™ RwandaSemi-final Group B26 March 2026Tanzania0Liechtenstein126 March 2026FIFA Series 2026™ RwandaMatch for third place Group B29 March 2026Macau0Tanzania629 March 2026,,1180.27
114,Niger,FIFA World Cup 26™ CAF QualifiersGroup E12 October 2025Zambia0Niger112 October 2025Friendly 202514 November 2025Burkina Faso3Niger214 November 2025Friendly 202518 November 2025Guinea1Niger118 November 2025Friendly 202627 March 2026Libya0Niger027 March 2026Friendly 202631 March 2026Niger0Togo131 March 2026,,1179.66
115,Mauritania,FIFA World Cup 26™ CAF QualifiersGroup B10 October 2025Sudan0Mauritania010 October 2025FIFA World Cup 26™ CAF QualifiersGroup B14 October 2025Senegal4Mauritania014 October 2025Friendly 202515 November 2025Libya1Mauritania015 November 2025FIFA Arab Cup Qatar 2025™Play-off25 November 2025Mauritania0Kuwait225 November 2025Friendly 202627 March 2026Argentina2Mauritania127 March 2026,,1170.72
116,The Gambia,FIFA World Cup 26™ CAF QualifiersGroup F09 September 2025The Gambia2Burundi009 September 2025FIFA World Cup 26™ CAF QualifiersGroup F10 October 2025The Gambia3Gabon410 October 2025FIFA World Cup 26™ CAF QualifiersGroup F14 October 2025Seychelles0The Gambia714 October 2025Friendly 202518 November 2025Kuwait2The Gambia218 November 2025Friendly 202631 March 2026Senegal3The Gambia131 March 2026,IR IranThe Gambia29 May15:30,1160.38
117,Sudan,FIFA Arab Cup Qatar 2025™Group D09 December 2025Bahrain3Sudan109 December 2025Africa Cup of Nations 2025Group E24 December 2025Algeria3Sudan024 December 2025Africa Cup of Nations 2025Group E28 December 2025Equatorial Guinea0Sudan128 December 2025Africa Cup of Nations 2025Group E31 December 2025Sudan0Burkina Faso231 December 2025Africa Cup of Nations 2025Round of 1603 January 2026Senegal3Sudan103 January 2026,,1157.22
118,Korea DPR,Friendly 202517 February 2025Korea DPR2Kazakhstan017 February 2025FIFA World Cup 26™ AFC QualifiersGroup A20 March 2025Qatar5Korea DPR120 March 2025FIFA World Cup 26™ AFC QualifiersGroup A25 March 2025Korea DPR1United Arab Emirates225 March 2025FIFA World Cup 26™ AFC QualifiersGroup A05 June 2025Korea DPR2Kyrgyz Republic205 June 2025FIFA World Cup 26™ AFC QualifiersGroup A10 June 2025IR Iran3Korea DPR010 June 2025,,1151.05
119,Sierra Leone,FIFA World Cup 26™ CAF QualifiersGroup A04 September 2025Guinea-Bissau1Sierra Leone104 September 2025FIFA World Cup 26™ CAF QualifiersGroup A09 September 2025Sierra Leone2Ethiopia009 September 2025FIFA World Cup 26™ CAF QualifiersGroup A08 October 2025Sierra Leone0Burkina Faso108 October 2025FIFA World Cup 26™ CAF QualifiersGroup A12 October 2025Djibouti1Sierra Leone212 October 2025FIFA Series 2026™ AzerbaijanSemi-final30 March 2026Azerbaijan1Sierra Leone130 March 2026,,1148.98
120,Namibia,FIFA World Cup 26™ CAF QualifiersGroup H13 October 2025Tunisia3Namibia013 October 2025Friendly 202514 November 2025Comoros1Namibia014 November 2025Friendly 202517 November 2025Comoros4Namibia017 November 2025FIFA Series 2026™ KazakhstanSemi-final25 March 2026Kazakhstan2Namibia025 March 2026FIFA Series 2026™ KazakhstanSemi-final28 March 2026Namibia0Comoros028 March 2026,,1148.84
121,Togo,FIFA World Cup 26™ CAF QualifiersGroup B09 September 2025Togo1Sudan009 September 2025FIFA World Cup 26™ CAF QualifiersGroup B10 October 2025Togo0Congo DR110 October 2025FIFA World Cup 26™ CAF QualifiersGroup B13 October 2025South Sudan0Togo013 October 2025Friendly 202627 March 2026Togo2Guinea227 March 2026Friendly 202631 March 2026Niger0Togo131 March 2026,,1147.31
122,Indonesia,Friendly 202508 September 2025Indonesia0Lebanon008 September 2025FIFA World Cup 26™ AFC QualifiersGroup B08 October 2025Indonesia2Saudi Arabia308 October 2025FIFA World Cup 26™ AFC QualifiersGroup B11 October 2025Iraq1Indonesia011 October 2025FIFA Series 2026™ IndonesiaSemi-final27 March 2026Indonesia4St. Kitts and Nevis027 March 2026FIFA Series 2026™ IndonesiaFinal30 March 2026Indonesia0Bulgaria130 March 2026,IndonesiaOman05 Jun13:00,1144.88
123,Faroe Islands,FIFA World Cup 26™ UEFA QualifiersGroup L09 October 2025Faroe Islands4Montenegro009 October 2025FIFA World Cup 26™ UEFA QualifiersGroup L12 October 2025Faroe Islands2Czechia112 October 2025FIFA World Cup 26™ UEFA QualifiersGroup L14 November 2025Croatia3Faroe Islands114 November 2025Friendly 202518 November 2025Faroe Islands1Kazakhstan018 November 2025Friendly 202628 March 2026San Marino1Faroe Islands228 March 2026,EstoniaFaroe Islands06 Jun15:00,1137.14
124,Azerbaijan,FIFA World Cup 26™ UEFA QualifiersGroup D13 October 2025Ukraine2Azerbaijan113 October 2025FIFA World Cup 26™ UEFA QualifiersGroup D13 November 2025Azerbaijan0Iceland213 November 2025FIFA World Cup 26™ UEFA QualifiersGroup D16 November 2025Azerbaijan1France316 November 2025FIFA Series 2026™ AzerbaijanSemi-final27 March 2026Azerbaijan6St. Lucia127 March 2026FIFA Series 2026™ AzerbaijanSemi-final30 March 2026Azerbaijan1Sierra Leone130 March 2026,,1136.67
125,Suriname,FIFA World Cup 26™ Concacaf QualifiersGroup A10 October 2025Suriname1Guatemala110 October 2025FIFA World Cup 26™ Concacaf QualifiersGroup A15 October 2025Panama1Suriname115 October 2025FIFA World Cup 26™ Concacaf QualifiersGroup A13 November 2025Suriname4El Salvador013 November 2025FIFA World Cup 26™ Concacaf QualifiersGroup A19 November 2025Guatemala3Suriname119 November 2025FIFA World Cup 2026™ Play-Off TournamentPath B – Semi-final26 March 2026Bolivia2Suriname126 March 2026,,1132.43
126,Cyprus,FIFA World Cup 26™ UEFA QualifiersGroup H12 October 2025San Marino0Cyprus412 October 2025FIFA World Cup 26™ UEFA QualifiersGroup H15 November 2025Cyprus0Austria215 November 2025Friendly 202518 November 2025Cyprus2Estonia418 November 2025Friendly 202626 March 2026Cyprus0Belarus126 March 2026Friendly 202630 March 2026Cyprus3Moldova230 March 2026,SloveniaCyprus04 Jun16:00,1128.33
127,Malawi,FIFA World Cup 26™ CAF QualifiersGroup HForfeitedMalawiEquatorial GuineaForfeitedFIFA World Cup 26™ CAF QualifiersGroup H13 October 2025São Tomé and Príncipe1Malawi013 October 2025Friendly 202515 November 2025Lesotho0Malawi015 November 2025Friendly 202518 November 2025Lesotho0Malawi118 November 2025Four Nations Tournament - Botswana 2026Match for third place31 March 2026Malawi0Botswana131 March 2026,,1128.03
128,Rwanda,FIFA World Cup 26™ CAF QualifiersGroup C09 September 2025Zimbabwe0Rwanda109 September 2025FIFA World Cup 26™ CAF QualifiersGroup C10 October 2025Rwanda0Benin110 October 2025FIFA World Cup 26™ CAF QualifiersGroup C14 October 2025South Africa3Rwanda014 October 2025FIFA Series 2026™ RwandaSemi-final27 March 2026Rwanda4Grenada027 March 2026FIFA Series 2026™ RwandaFinal30 March 2026Rwanda2Estonia030 March 2026,,1126.62
129,Estonia,FIFA World Cup 26™ UEFA QualifiersGroup I14 October 2025Estonia1Moldova114 October 2025FIFA World Cup 26™ UEFA QualifiersGroup I13 November 2025Norway4Estonia113 November 2025Friendly 202518 November 2025Cyprus2Estonia418 November 2025FIFA Series 2026™ RwandaSemi-final27 March 2026Kenya1(4)EstoniaWon 5 - 4 On Penalties1(5)27 March 2026FIFA Series 2026™ RwandaFinal30 March 2026Rwanda2Estonia030 March 2026,EstoniaFaroe Islands06 Jun15:00,1121.10
130,Zimbabwe,Africa Cup of Nations 2025Group B22 December 2025Egypt2Zimbabwe122 December 2025Africa Cup of Nations 2025Group B26 December 2025Angola1Zimbabwe126 December 2025Africa Cup of Nations 2025Group B29 December 2025Zimbabwe2South Africa329 December 2025Four Nations Tournament - Botswana 2026Semi-final28 March 2026Botswana0Zimbabwe328 March 2026The Unity Cup 2026Semi-final26 May 2026Nigeria2Zimbabwe026 May 2026,ZimbabweIndia30 May13:30,1118.12*
131,Nicaragua,FIFA World Cup 26™ Concacaf QualifiersGroup C10 October 2025Nicaragua0Haiti310 October 2025FIFA World Cup 26™ Concacaf QualifiersGroup C14 October 2025Costa Rica4Nicaragua114 October 2025FIFA World Cup 26™ Concacaf QualifiersGroup C14 November 2025Nicaragua2Honduras014 November 2025FIFA World Cup 26™ Concacaf QualifiersGroup C19 November 2025Haiti2Nicaragua019 November 2025Friendly 202627 March 2026Russia3Nicaragua127 March 2026,,1115.13
132,Guinea-Bissau,FIFA World Cup 26™ CAF QualifiersGroup A08 September 2025Guinea-Bissau2Djibouti008 September 2025FIFA World Cup 26™ CAF QualifiersGroup A08 October 2025Ethiopia1Guinea-Bissau008 October 2025FIFA World Cup 26™ CAF QualifiersGroup A12 October 2025Egypt1Guinea-Bissau012 October 2025Friendly 202628 March 2026Burkina Faso5Guinea-Bissau028 March 2026Friendly 202631 March 2026Burkina Faso1Guinea-Bissau131 March 2026,,1108.38
133,Congo,African Nations Championship 2025 (CHAN) - Final Comp.Group D12 August 2025Senegal1Congo112 August 2025African Nations Championship 2025 (CHAN) - Final Comp.Group D19 August 2025Nigeria2Congo019 August 2025FIFA World Cup 26™ CAF QualifiersGroup E05 September 2025Congo1Tanzania105 September 2025FIFA World Cup 26™ CAF QualifiersGroup E08 October 2025Niger3Congo108 October 2025FIFA World Cup 26™ CAF QualifiersGroup E14 October 2025Morocco1Congo014 October 2025,,1105.96
134,Kuwait,Friendly 202518 November 2025Kuwait2The Gambia218 November 2025FIFA Arab Cup Qatar 2025™Play-off25 November 2025Mauritania0Kuwait225 November 2025FIFA Arab Cup Qatar 2025™Group C02 December 2025Egypt1Kuwait102 December 2025FIFA Arab Cup Qatar 2025™Group C06 December 2025Kuwait1Jordan306 December 2025FIFA Arab Cup Qatar 2025™Group C09 December 2025United Arab Emirates3Kuwait109 December 2025,ThailandKuwait05 Jun,1105.10
135,Philippines,Asian Nations Cup 2027 Prel. Comp.Group A10 June 2025Philippines2Tajikistan210 June 2025Asian Nations Cup 2027 Prel. Comp.Group A09 October 2025Timor-Leste1Philippines409 October 2025Asian Nations Cup 2027 Prel. Comp.Group A14 October 2025Philippines3Timor-Leste114 October 2025Asian Nations Cup 2027 Prel. Comp.Group A18 November 2025Maldives0Philippines218 November 2025Asian Nations Cup 2027 Prel. Comp.Group A31 March 2026Tajikistan1Philippines131 March 2026,PhilippinesGuam03 Jun11:30,1094.10
136,India,Asian Nations Cup 2027 Prel. Comp.Group C09 October 2025Singapore1India109 October 2025Asian Nations Cup 2027 Prel. Comp.Group C14 October 2025India1Singapore214 October 2025Asian Nations Cup 2027 Prel. Comp.Group C18 November 2025Bangladesh1India018 November 2025Asian Nations Cup 2027 Prel. Comp.Group C31 March 2026India2Hong Kong131 March 2026The Unity Cup 2026Semi-final27 May 2026Jamaica2India027 May 2026,ZimbabweIndia30 May13:30,1091.03*
137,Latvia,FIFA World Cup 26™ UEFA QualifiersGroup K14 October 2025Latvia0England514 October 2025Friendly 202513 November 2025North Macedonia0Latvia013 November 2025FIFA World Cup 26™ UEFA QualifiersGroup K16 November 2025Serbia2Latvia116 November 2025UEFA Nations League 2024/25League C vs League D26 March 2026Gibraltar0Latvia126 March 2026UEFA Nations League 2024/25League C vs League D31 March 2026Latvia1Gibraltar031 March 2026,LithuaniaLatvia06 Jun13:00,1090.57
138,Malaysia,Friendly 2025ForfeitedMalaysiaPalestineForfeitedAsian Nations Cup 2027 Prel. Comp.Group F09 October 2025Laos0Malaysia309 October 2025Asian Nations Cup 2027 Prel. Comp.Group F14 October 2025Malaysia5Laos114 October 2025Asian Nations Cup 2027 Prel. Comp.Group F18 November 2025Nepal0Malaysia118 November 2025Asian Nations Cup 2027 Prel. Comp.Group F31 March 2026Vietnam3Malaysia131 March 2026,,1086.22
139,Central African Republic,African Nations Championship 2025 (CHAN) - Final Comp.Group B16 August 2025Central African Republic0Tanzania016 August 2025FIFA World Cup 26™ CAF QualifiersGroup I04 September 2025Madagascar2Central African Republic004 September 2025FIFA World Cup 26™ CAF QualifiersGroup I07 September 2025Central African Republic0Comoros207 September 2025FIFA World Cup 26™ CAF QualifiersGroup I08 October 2025Central African Republic0Ghana508 October 2025FIFA World Cup 26™ CAF QualifiersGroup I12 October 2025Chad2Central African Republic312 October 2025,,1083.57
140,Liberia,FIFA World Cup 26™ CAF QualifiersGroup H09 October 2025Liberia3Namibia109 October 2025FIFA World Cup 26™ CAF QualifiersGroup H13 October 2025Equatorial Guinea1Liberia113 October 2025Friendly 202515 November 2025Guinea2Liberia015 November 2025Friendly 202627 March 2026Benin1Liberia027 March 2026Friendly 202631 March 2026Liberia2Libya231 March 2026,,1079.02
141,Turkmenistan,CAFA Nations Cup 2025Group A05 September 2025Turkmenistan1Oman205 September 2025Asian Nations Cup 2027 Prel. Comp.Group D09 October 2025Sri Lanka1Turkmenistan009 October 2025Asian Nations Cup 2027 Prel. Comp.Group D14 October 2025Turkmenistan2Sri Lanka114 October 2025Asian Nations Cup 2027 Prel. Comp.Group D18 November 2025Turkmenistan3Chinese Taipei118 November 2025Asian Nations Cup 2027 Prel. Comp.Group D31 March 2026Thailand2Turkmenistan131 March 2026,,1078.65
142,Burundi,FIFA World Cup 26™ CAF QualifiersGroup F09 September 2025The Gambia2Burundi009 September 2025FIFA World Cup 26™ CAF QualifiersGroup F09 October 2025Burundi0Kenya109 October 2025FIFA World Cup 26™ CAF QualifiersGroup F14 October 2025Gabon2Burundi014 October 2025CAN 2027 Prel. Comp.First Leg27 March 2026Chad0Burundi427 March 2026CAN 2027 Prel. Comp.Second Leg31 March 2026Burundi4Chad031 March 2026,,1078.01
143,Dominican Republic,Friendly 202509 September 2025Jordan3Dominican Republic009 September 2025Friendly 202510 October 2025Uruguay1Dominican Republic010 October 2025CONCACAF Series 2025/26Group A13 November 2025Dominican Republic2St. Vincent / Grenadines013 November 2025CONCACAF Series 2025/26Group A27 March 2026Dominican Republic2El Salvador227 March 2026CONCACAF Series 2025/26Group A29 March 2026Dominican Republic1Cuba129 March 2026,,1077.95
144,Ethiopia,FIFA World Cup 26™ CAF QualifiersGroup A09 September 2025Sierra Leone2Ethiopia009 September 2025FIFA World Cup 26™ CAF QualifiersGroup A08 October 2025Ethiopia1Guinea-Bissau008 October 2025FIFA World Cup 26™ CAF QualifiersGroup A12 October 2025Burkina Faso3Ethiopia112 October 2025CAN 2027 Prel. Comp.First Leg27 March 2026São Tomé and Príncipe0Ethiopia327 March 2026CAN 2027 Prel. Comp.Second Leg31 March 2026Ethiopia1São Tomé and Príncipe031 March 2026,,1071.55
145,Lesotho,FIFA World Cup 26™ CAF QualifiersGroup C13 October 2025Lesotho1Zimbabwe013 October 2025Friendly 202515 November 2025Lesotho0Malawi015 November 2025Friendly 202518 November 2025Lesotho0Malawi118 November 2025CAN 2027 Prel. Comp.First Leg26 March 2026Seychelles0Lesotho026 March 2026CAN 2027 Prel. Comp.Second Leg29 March 2026Lesotho2Seychelles129 March 2026,,1067.13
146,Botswana,Africa Cup of Nations 2025Group D23 December 2025Senegal3Botswana023 December 2025Africa Cup of Nations 2025Group D27 December 2025Benin1Botswana027 December 2025Africa Cup of Nations 2025Group D30 December 2025Botswana0Congo DR330 December 2025Four Nations Tournament - Botswana 2026Semi-final28 March 2026Botswana0Zimbabwe328 March 2026Four Nations Tournament - Botswana 2026Match for third place31 March 2026Malawi0Botswana131 March 2026,,1063.63
147,Singapore,Asian Nations Cup 2027 Prel. Comp.Group C09 October 2025Singapore1India109 October 2025Asian Nations Cup 2027 Prel. Comp.Group C14 October 2025India1Singapore214 October 2025Friendly 202513 November 2025Thailand3Singapore213 November 2025Asian Nations Cup 2027 Prel. Comp.Group C18 November 2025Hong Kong1Singapore218 November 2025Asian Nations Cup 2027 Prel. Comp.Group C31 March 2026Singapore1Bangladesh031 March 2026,SingaporeMongolia31 May11:30,1059.53
148,Lithuania,FIFA World Cup 26™ UEFA QualifiersGroup G12 October 2025Lithuania0Poland212 October 2025Friendly 202513 November 2025Lithuania0Israel013 November 2025FIFA World Cup 26™ UEFA QualifiersGroup G17 November 2025Netherlands4Lithuania017 November 2025Friendly 202626 March 2026Moldova0Lithuania226 March 2026Friendly 202629 March 2026Lithuania0Georgia229 March 2026,LithuaniaLatvia06 Jun13:00,1058.42
149,Yemen,Asian Nations Cup 2027 Prel. Comp.Group B10 June 2025Yemen0Lebanon010 June 2025Asian Nations Cup 2027 Prel. Comp.Group B09 October 2025Brunei0Yemen209 October 2025Asian Nations Cup 2027 Prel. Comp.Group B14 October 2025Yemen9Brunei014 October 2025Asian Nations Cup 2027 Prel. Comp.Group B18 November 2025Yemen7Bhutan118 November 2025FIFA Arab Cup Qatar 2025™Play-off26 November 2025ComorosWon 4 - 2 On Penalties4(4)Yemen4(2)26 November 2025,LebanonYemen04 Jun16:00,1049.49
150,Guyana,FIFA World Cup 26™ Concacaf QualifiersGroup D07 June 2025Nicaragua1Guyana007 June 2025FIFA World Cup 26™ Concacaf QualifiersGroup D11 June 2025Guyana3Montserrat011 June 2025CONCACAF Series 2025/26Group C18 November 2025Antigua and Barbuda1Guyana418 November 2025CONCACAF Series 2025/26Group B27 March 2026Guyana2Dominica027 March 2026CONCACAF Series 2025/26Group B30 March 2026Guyana3Belize130 March 2026,,1049.32
151,New Caledonia,FIFA World Cup 26™ OFC QualifiersGroup A17 November 2024Fiji1New Caledonia117 November 2024FIFA World Cup 26™ OFC QualifiersThird Round - Semi-final21 March 2025New Caledonia3Tahiti021 March 2025FIFA World Cup 26™ OFC QualifiersThird Round - Final24 March 2025New Caledonia0New Zealand324 March 2025Friendly 202508 October 2025Gibraltar0New Caledonia208 October 2025FIFA World Cup 2026™ Play-Off TournamentPath A – Semi-final27 March 2026New Caledonia0Jamaica127 March 2026,,1036.95
152,St Kitts and Nevis,FIFA World Cup 26™ Concacaf QualifiersGroup B06 June 2025Trinidad and Tobago6St. Kitts and Nevis206 June 2025FIFA World Cup 26™ Concacaf QualifiersGroup B10 June 2025St. Kitts and Nevis2Grenada310 June 2025CONCACAF Series 2025/26Group B18 November 2025St. Kitts and Nevis2Belize618 November 2025FIFA Series 2026™ IndonesiaSemi-final27 March 2026Indonesia4St. Kitts and Nevis027 March 2026FIFA Series 2026™ IndonesiaMatch for third place30 March 2026St. Kitts and Nevis4Solomon Islands230 March 2026,,1036.33
153,Solomon Islands,MSG Prime Minister's Cup 2024Group Matches18 December 2024Papua New Guinea3Solomon Islands218 December 2024MSG Prime Minister's Cup 2024Group Matches21 December 2024Solomon Islands1Fiji321 December 2024MSG Prime Minister's Cup 2025Group A13 November 2025Papua New Guinea1Solomon Islands013 November 2025FIFA Series 2026™ IndonesiaSemi-final27 March 2026Solomon Islands2Bulgaria1027 March 2026FIFA Series 2026™ IndonesiaMatch for third place30 March 2026St. Kitts and Nevis4Solomon Islands230 March 2026,,1031.89
154,Fiji,MSG Prime Minister's Cup 2024Group Matches21 December 2024Solomon Islands1Fiji321 December 2024FIFA World Cup 26™ OFC QualifiersThird Round - Semi-final21 March 2025New Zealand7Fiji021 March 2025Kings Cup 2025Semi-final04 September 2025Thailand3Fiji004 September 2025Kings Cup 2025Match for third place07 September 2025Hong Kong8Fiji007 September 2025MSG Prime Minister's Cup 2025Group B17 November 2025Vanuatu2Fiji017 November 2025,,1029.70
155,"Hong Kong, China",Asian Nations Cup 2027 Prel. Comp.Group C09 October 2025Bangladesh3Hong Kong409 October 2025Asian Nations Cup 2027 Prel. Comp.Group C14 October 2025Hong Kong1Bangladesh114 October 2025Friendly 202513 November 2025Hong Kong1Cambodia113 November 2025Asian Nations Cup 2027 Prel. Comp.Group C18 November 2025Hong Kong1Singapore218 November 2025Asian Nations Cup 2027 Prel. Comp.Group C31 March 2026India2Hong Kong131 March 2026,Hong KongMongolia05 Jun12:00,1026.63
156,Puerto Rico,FIFA World Cup 26™ Concacaf QualifiersGroup F06 June 2025Suriname1Puerto Rico006 June 2025FIFA World Cup 26™ Concacaf QualifiersGroup F11 June 2025Puerto Rico2St. Vincent / Grenadines111 June 2025Friendly 202515 October 2025Argentina6Puerto Rico015 October 2025FIFA Series 2026™ Puerto RicoSemi-final26 March 2026Puerto Rico4Guam026 March 2026FIFA Series 2026™ Puerto RicoFinal29 March 2026US Virgin Islands0Puerto Rico229 March 2026,Puerto RicoSaudi Arabia06 Jun00:00,1026.11
157,Tahiti,OFC Nations Cup 2024Play-off for third place30 June 2024Tahiti2Fiji130 June 2024FIFA World Cup 26™ OFC QualifiersGroup B11 October 2024New Zealand3Tahiti011 October 2024FIFA World Cup 26™ OFC QualifiersGroup B15 November 2024Samoa0Tahiti315 November 2024FIFA World Cup 26™ OFC QualifiersGroup B18 November 2024Tahiti2Vanuatu018 November 2024FIFA World Cup 26™ OFC QualifiersThird Round - Semi-final21 March 2025New Caledonia3Tahiti021 March 2025,,1019.04
158,Myanmar,Friendly 202509 September 2025Singapore1Myanmar109 September 2025Asian Nations Cup 2027 Prel. Comp.Group E09 October 2025Syria5Myanmar109 October 2025Asian Nations Cup 2027 Prel. Comp.Group E14 October 2025Myanmar0Syria314 October 2025Asian Nations Cup 2027 Prel. Comp.Group E26 March 2026Afghanistan1Myanmar226 March 2026Asian Nations Cup 2027 Prel. Comp.Group E31 March 2026Pakistan1Myanmar231 March 2026,MyanmarGuam06 Jun11:30,1011.88
159,Moldova,FIFA World Cup 26™ UEFA QualifiersGroup I14 October 2025Estonia1Moldova114 October 2025FIFA World Cup 26™ UEFA QualifiersGroup I13 November 2025Moldova0Italy213 November 2025FIFA World Cup 26™ UEFA QualifiersGroup I16 November 2025Israel4Moldova116 November 2025Friendly 202626 March 2026Moldova0Lithuania226 March 2026Friendly 202630 March 2026Cyprus3Moldova230 March 2026,MoldovaBulgaria05 Jun17:00,1004.16
160,Vanuatu,FIFA World Cup 26™ OFC QualifiersGroup B18 November 2024Tahiti2Vanuatu018 November 2024MSG Prime Minister's Cup 2024Group Matches09 December 2024Solomon Islands4Vanuatu109 December 2024MSG Prime Minister's Cup 2024Group Matches12 December 2024Fiji1Vanuatu112 December 2024MSG Prime Minister's Cup 2024Group Matches21 December 2024Vanuatu1Papua New Guinea221 December 2024MSG Prime Minister's Cup 2025Group B17 November 2025Vanuatu2Fiji017 November 2025,,997.01
161,Malta,Friendly 202512 October 2025Malta1Bosnia and Herzegovina412 October 2025FIFA World Cup 26™ UEFA QualifiersGroup G14 November 2025Finland0Malta114 November 2025FIFA World Cup 26™ UEFA QualifiersGroup G17 November 2025Malta2Poland317 November 2025UEFA Nations League 2024/25League C vs League D26 March 2026Malta0Luxembourg226 March 2026UEFA Nations League 2024/25League C vs League D31 March 2026Luxembourg3Malta031 March 2026,SlovakiaMalta01 Jun16:00,987.73
162,Antigua and Barbuda,CONCACAF Nations League 2024/25Group D19 November 2024Antigua and Barbuda0Dominica019 November 2024FIFA World Cup 26™ Concacaf QualifiersGroup A06 June 2025Antigua and Barbuda0Cuba106 June 2025FIFA World Cup 26™ Concacaf QualifiersGroup A11 June 2025Honduras2Antigua and Barbuda011 June 2025CONCACAF Series 2025/26Group C12 November 2025Antigua and Barbuda0Aruba012 November 2025CONCACAF Series 2025/26Group C18 November 2025Antigua and Barbuda1Guyana418 November 2025,,986.58
163,Grenada,Friendly 202511 October 2025Grenada2Cuba011 October 2025Friendly 202515 November 2025Grenada4US Virgin Islands115 November 2025FIFA Series 2026™ RwandaSemi-final27 March 2026Rwanda4Grenada027 March 2026FIFA Series 2026™ RwandaMatch for third place30 March 2026Grenada0Kenya330 March 2026Friendly 202616 May 2026Republic of Ireland5Grenada016 May 2026,,982.57*
164,Cuba,FIFA World Cup 26™ Concacaf QualifiersGroup A06 June 2025Antigua and Barbuda0Cuba106 June 2025FIFA World Cup 26™ Concacaf QualifiersGroup A10 June 2025Cuba1Bermuda210 June 2025Friendly 202511 October 2025Grenada2Cuba011 October 2025CONCACAF Series 2025/26Group A12 November 2025Cuba3St. Lucia012 November 2025CONCACAF Series 2025/26Group A29 March 2026Dominican Republic1Cuba129 March 2026,,981.42
165,Eswatini,FIFA World Cup 26™ CAF QualifiersGroup D08 September 2025Libya2Eswatini008 September 2025FIFA World Cup 26™ CAF QualifiersGroup D08 October 2025Eswatini2Angola208 October 2025FIFA World Cup 26™ CAF QualifiersGroup D13 October 2025Cabo Verde3Eswatini013 October 2025CAN 2027 Prel. Comp.First Leg25 March 2026Eritrea2Eswatini025 March 2026CAN 2027 Prel. Comp.Second Leg31 March 2026Eswatini1Eritrea231 March 2026,,979.01
166,Bermuda,FIFA World Cup 26™ Concacaf QualifiersGroup B10 September 2025Curaçao3Bermuda210 September 2025FIFA World Cup 26™ Concacaf QualifiersGroup B10 October 2025Bermuda0Trinidad and Tobago310 October 2025FIFA World Cup 26™ Concacaf QualifiersGroup B15 October 2025Jamaica4Bermuda015 October 2025FIFA World Cup 26™ Concacaf QualifiersGroup B14 November 2025Bermuda0Curaçao714 November 2025FIFA World Cup 26™ Concacaf QualifiersGroup B19 November 2025Trinidad and Tobago2Bermuda219 November 2025,,976.87
167,St Lucia,FIFA World Cup 26™ Concacaf QualifiersGroup C06 June 2025Curaçao4St. Lucia006 June 2025FIFA World Cup 26™ Concacaf QualifiersGroup C10 June 2025St. Lucia2Barbados110 June 2025CONCACAF Series 2025/26Group A12 November 2025Cuba3St. Lucia012 November 2025CONCACAF Series 2025/26Group A16 November 2025St. Vincent / Grenadines3St. Lucia116 November 2025FIFA Series 2026™ AzerbaijanSemi-final27 March 2026Azerbaijan6St. Lucia127 March 2026,,976.71
168,Papua New Guinea,FIFA World Cup 26™ OFC QualifiersGroup A17 November 2024Papua New Guinea1Solomon Islands217 November 2024MSG Prime Minister's Cup 2024Group Matches15 December 2024Papua New Guinea1Fiji115 December 2024MSG Prime Minister's Cup 2024Group Matches18 December 2024Papua New Guinea3Solomon Islands218 December 2024MSG Prime Minister's Cup 2024Group Matches21 December 2024Vanuatu1Papua New Guinea221 December 2024MSG Prime Minister's Cup 2025Group A13 November 2025Papua New Guinea1Solomon Islands013 November 2025,,974.90
169,Afghanistan,CAFA Nations Cup 2025Group B04 September 2025Afghanistan0India004 September 2025Asian Nations Cup 2027 Prel. Comp.Group E09 October 2025Pakistan0Afghanistan009 October 2025Asian Nations Cup 2027 Prel. Comp.Group E14 October 2025Afghanistan1Pakistan114 October 2025Asian Nations Cup 2027 Prel. Comp.Group E26 March 2026Afghanistan1Myanmar226 March 2026Asian Nations Cup 2027 Prel. Comp.Group E31 March 2026Syria5Afghanistan131 March 2026,MaldivesAfghanistan01 Jun16:00,972.75
170,South Sudan,FIFA World Cup 26™ CAF QualifiersGroup B10 October 2025South Sudan0Senegal510 October 2025FIFA World Cup 26™ CAF QualifiersGroup B13 October 2025South Sudan0Togo013 October 2025FIFA Arab Cup Qatar 2025™Play-off25 November 2025Syria2South Sudan025 November 2025CAN 2027 Prel. Comp.First Leg26 March 2026Djibouti0South Sudan426 March 2026CAN 2027 Prel. Comp.Second Leg29 March 2026South Sudan0Djibouti129 March 2026,,970.94
171,St Vincent and the Grenadines,FIFA World Cup 26™ Concacaf QualifiersGroup F04 June 2025St. Vincent / Grenadines6Anguilla004 June 2025FIFA World Cup 26™ Concacaf QualifiersGroup F11 June 2025Puerto Rico2St. Vincent / Grenadines111 June 2025CONCACAF Series 2025/26Group A13 November 2025Dominican Republic2St. Vincent / Grenadines013 November 2025CONCACAF Series 2025/26Group A16 November 2025St. Vincent / Grenadines3St. Lucia116 November 2025CONCACAF Series 2025/26Group C29 March 2026Barbados2St. Vincent / Grenadines329 March 2026,,968.27
172,Maldives,Friendly 202509 September 2025Sri Lanka1Maldives109 September 2025Asian Nations Cup 2027 Prel. Comp.Group A09 October 2025Tajikistan2Maldives009 October 2025Asian Nations Cup 2027 Prel. Comp.Group A14 October 2025Maldives0Tajikistan314 October 2025Asian Nations Cup 2027 Prel. Comp.Group A18 November 2025Maldives0Philippines218 November 2025Asian Nations Cup 2027 Prel. Comp.Group A31 March 2026Maldives2Timor-Leste131 March 2026,MaldivesAfghanistan01 Jun16:00,954.93
173,Andorra,FIFA World Cup 26™ UEFA QualifiersGroup K14 October 2025Andorra1Serbia314 October 2025FIFA World Cup 26™ UEFA QualifiersGroup K13 November 2025Andorra0Albania113 November 2025Friendly 202517 November 2025Finland4Andorra017 November 2025Friendly 202627 March 2026Montenegro2Andorra027 March 2026Friendly 202631 March 2026San Marino0Andorra031 March 2026,IraqAndorra29 May15:00,945.34
174,Chinese Taipei,Friendly 202505 September 2025Indonesia6Chinese Taipei005 September 2025Asian Nations Cup 2027 Prel. Comp.Group D09 October 2025Thailand2Chinese Taipei009 October 2025Asian Nations Cup 2027 Prel. Comp.Group D14 October 2025Chinese Taipei1Thailand614 October 2025Asian Nations Cup 2027 Prel. Comp.Group D18 November 2025Turkmenistan3Chinese Taipei118 November 2025Asian Nations Cup 2027 Prel. Comp.Group D31 March 2026Chinese Taipei1Sri Lanka331 March 2026,,923.78
175,Montserrat,CONCACAF Nations League 2024/25Group A08 September 2024St. Vincent / Grenadines2Montserrat008 September 2024CONCACAF Nations League 2024/25Group A14 November 2024Montserrat1St. Vincent / Grenadines214 November 2024CONCACAF Nations League 2024/25Group A18 November 2024El Salvador1Montserrat018 November 2024FIFA World Cup 26™ Concacaf QualifiersGroup D04 June 2025Montserrat1Belize004 June 2025FIFA World Cup 26™ Concacaf QualifiersGroup D11 June 2025Guyana3Montserrat011 June 2025,,916.75
176,Nepal,Asian Nations Cup 2027 Prel. Comp.Group F09 October 2025Vietnam3Nepal109 October 2025Asian Nations Cup 2027 Prel. Comp.Group F14 October 2025Nepal0Vietnam114 October 2025Friendly 202513 November 2025Bangladesh2Nepal213 November 2025Asian Nations Cup 2027 Prel. Comp.Group F18 November 2025Nepal0Malaysia118 November 2025Asian Nations Cup 2027 Prel. Comp.Group F31 March 2026Nepal0Laos131 March 2026,,914.54
177,Cambodia,ASEAN Mitsubishi Electric Cup 2024Group A20 December 2024Thailand3Cambodia220 December 2024Friendly 202519 March 2025Vietnam2Cambodia119 March 2025Friendly 202525 March 2025Cambodia1Aruba225 March 2025Friendly 202505 June 2025Cambodia1Tajikistan205 June 2025Friendly 202513 November 2025Hong Kong1Cambodia113 November 2025,CambodiaBhutan04 Jun12:00,911.54
178,Mauritius,FIFA World Cup 26™ CAF QualifiersGroup D09 September 2025Angola3Mauritius109 September 2025FIFA World Cup 26™ CAF QualifiersGroup D08 October 2025Mauritius0Cameroon208 October 2025FIFA World Cup 26™ CAF QualifiersGroup D13 October 2025Mauritius0Libya013 October 2025CAN 2027 Prel. Comp.First Leg27 March 2026Somalia0Mauritius027 March 2026CAN 2027 Prel. Comp.Second Leg31 March 2026Mauritius0(2)SomaliaWon 4 - 2 On Penalties0(4)31 March 2026,,911.49
179,Barbados,Friendly 202511 May 2025Dominica0Barbados011 May 2025FIFA World Cup 26™ Concacaf QualifiersGroup C04 June 2025Barbados1Aruba104 June 2025FIFA World Cup 26™ Concacaf QualifiersGroup C10 June 2025St. Lucia2Barbados110 June 2025CONCACAF Series 2025/26Group C15 November 2025Barbados0Aruba315 November 2025CONCACAF Series 2025/26Group C29 March 2026Barbados2St. Vincent / Grenadines329 March 2026,,909.89
180,Belize,CONCACAF Gold Cup 2025 - Preliminary Competition2nd Leg26 March 2025Costa Rica6Belize126 March 2025FIFA World Cup 26™ Concacaf QualifiersGroup D04 June 2025Montserrat1Belize004 June 2025FIFA World Cup 26™ Concacaf QualifiersGroup D08 June 2025Belize0Panama208 June 2025CONCACAF Series 2025/26Group B18 November 2025St. Kitts and Nevis2Belize618 November 2025CONCACAF Series 2025/26Group B30 March 2026Guyana3Belize130 March 2026,,907.00
181,Bangladesh,Asian Nations Cup 2027 Prel. Comp.Group C14 October 2025Hong Kong1Bangladesh114 October 2025Friendly 202513 November 2025Bangladesh2Nepal213 November 2025Asian Nations Cup 2027 Prel. Comp.Group C18 November 2025Bangladesh1India018 November 2025Friendly 202626 March 2026Vietnam3Bangladesh026 March 2026Asian Nations Cup 2027 Prel. Comp.Group C31 March 2026Singapore1Bangladesh031 March 2026,PakistanBangladesh01 Jun11:00,899.53
182,Dominica,Friendly 202508 May 2025Dominica0Barbados008 May 2025Friendly 202511 May 2025Dominica0Barbados011 May 2025FIFA World Cup 26™ Concacaf QualifiersGroup E04 June 2025Dominica3British Virgin Islands004 June 2025FIFA World Cup 26™ Concacaf QualifiersGroup E10 June 2025Dominican Republic5Dominica010 June 2025CONCACAF Series 2025/26Group B27 March 2026Guyana2Dominica027 March 2026,,897.69
183,Chad,FIFA World Cup 26™ CAF QualifiersGroup I12 October 2025Chad2Central African Republic312 October 2025Friendly 202514 November 2025Uganda2Chad114 November 2025Friendly 202517 November 2025Chad2Mozambique217 November 2025CAN 2027 Prel. Comp.First Leg27 March 2026Chad0Burundi427 March 2026CAN 2027 Prel. Comp.Second Leg31 March 2026Burundi4Chad031 March 2026,,896.85
184,Eritrea,FIFA WC 2018 Prel. Comp. African ZoneRound One13 October 2015Botswana3Eritrea113 October 2015Preliminary Competition for the 2022 FWC African ZoneRound One04 September 2019Eritrea1Namibia204 September 2019Preliminary Competition for the 2022 FWC African ZoneRound One10 September 2019Namibia2Eritrea010 September 2019CAN 2027 Prel. Comp.First Leg25 March 2026Eritrea2Eswatini025 March 2026CAN 2027 Prel. Comp.Second Leg31 March 2026Eswatini1Eritrea231 March 2026,,887.06
185,Laos,Asian Nations Cup 2027 Prel. Comp.Group F10 June 2025Laos2Nepal110 June 2025Asian Nations Cup 2027 Prel. Comp.Group F09 October 2025Laos0Malaysia309 October 2025Asian Nations Cup 2027 Prel. Comp.Group F14 October 2025Malaysia5Laos114 October 2025Asian Nations Cup 2027 Prel. Comp.Group F19 November 2025Laos0Vietnam219 November 2025Asian Nations Cup 2027 Prel. Comp.Group F31 March 2026Nepal0Laos131 March 2026,,885.03
186,Bhutan,Asian Nations Cup 2027 Prel. Comp.Group B10 June 2025Brunei2Bhutan110 June 2025Asian Nations Cup 2027 Prel. Comp.Group B09 October 2025Lebanon2Bhutan009 October 2025Asian Nations Cup 2027 Prel. Comp.Group B14 October 2025Bhutan0Lebanon414 October 2025Asian Nations Cup 2027 Prel. Comp.Group B18 November 2025Yemen7Bhutan118 November 2025Asian Nations Cup 2027 Prel. Comp.Group B31 March 2026Bhutan2Brunei131 March 2026,CambodiaBhutan04 Jun12:00,880.55
187,Mongolia,Friendly 202411 June 2024Mongolia2Cambodia111 June 2024Asian Nations Cup 2027 Prel. Comp.1st Leg05 September 2024Timor-Leste4Mongolia105 September 2024Asian Nations Cup 2027 Prel. Comp.2nd Leg10 September 2024Mongolia2Timor-Leste010 September 2024East Asian Football Federation Championship 2025Group B08 December 2024Mongolia0Hong Kong308 December 2024East Asian Football Federation Championship 2025Group B11 December 2024Chinese Taipei4Mongolia011 December 2024,SingaporeMongolia31 May11:30,879.75
188,Cook Islands,Pacific Games 2023Play-off 7th placeForfeitedSamoaCook IslandsForfeitedOFC Nations Cup 2024 Prel. Comp.Group Matches22 March 2024Samoa1Cook Islands022 March 2024OFC Nations Cup 2024 Prel. Comp.Group Matches26 March 2024Cook Islands1Tonga026 March 2024FIFA World Cup 26™ OFC QualifiersGroup Matches05 September 2024Cook Islands1Tonga305 September 2024Friendly 202408 September 2024Cook Islands1American Samoa208 September 2024,,877.53
189,Aruba,FIFA World Cup 26™ Concacaf QualifiersGroup C07 June 2025Aruba0Haiti507 June 2025CONCACAF Series 2025/26Group C12 November 2025Antigua and Barbuda0Aruba012 November 2025CONCACAF Series 2025/26Group C15 November 2025Barbados0Aruba315 November 2025FIFA Series 2026™ RwandaSemi-final Group B26 March 2026Aruba4Macau126 March 2026FIFA Series 2026™ RwandaFinal Group B29 March 2026Aruba4Liechtenstein129 March 2026,,877.30
190,Samoa,FIFA World Cup 26™ OFC QualifiersGroup Matches06 September 2024American Samoa0Samoa206 September 2024FIFA World Cup 26™ OFC QualifiersGroup Matches09 September 2024Tonga1Samoa209 September 2024FIFA World Cup 26™ OFC QualifiersGroup B12 October 2024Vanuatu4Samoa112 October 2024FIFA World Cup 26™ OFC QualifiersGroup B15 November 2024Samoa0Tahiti315 November 2024FIFA World Cup 26™ OFC QualifiersGroup B18 November 2024Samoa0New Zealand818 November 2024,,876.41
191,Sri Lanka,Friendly 202509 September 2025Sri Lanka1Maldives109 September 2025Asian Nations Cup 2027 Prel. Comp.Group D09 October 2025Sri Lanka1Turkmenistan009 October 2025Asian Nations Cup 2027 Prel. Comp.Group D14 October 2025Turkmenistan2Sri Lanka114 October 2025Asian Nations Cup 2027 Prel. Comp.Group D18 November 2025Sri Lanka0Thailand418 November 2025Asian Nations Cup 2027 Prel. Comp.Group D31 March 2026Chinese Taipei1Sri Lanka331 March 2026,Sri LankaBhutan08 Jun,871.82
192,American Samoa,Pacific Games 2023Play-off 11th place29 November 2023American Samoa2Tonga629 November 2023FIFA World Cup 26™ OFC QualifiersGroup Matches06 September 2024American Samoa0Samoa206 September 2024Friendly 202408 September 2024Cook Islands1American Samoa208 September 2024FIFA Series 2026™ Puerto RicoSemi-final25 March 2026US Virgin Islands5American Samoa225 March 2026FIFA Series 2026™ Puerto RicoMatch for third place28 March 2026American Samoa0Guam628 March 2026,,871.61
193,Brunei Darussalam,Asian Nations Cup 2027 Prel. Comp.Group B10 June 2025Brunei2Bhutan110 June 2025Asian Nations Cup 2027 Prel. Comp.Group B09 October 2025Brunei0Yemen209 October 2025Asian Nations Cup 2027 Prel. Comp.Group B14 October 2025Yemen9Brunei014 October 2025Asian Nations Cup 2027 Prel. Comp.Group B18 November 2025Brunei0Lebanon318 November 2025Asian Nations Cup 2027 Prel. Comp.Group B31 March 2026Bhutan2Brunei131 March 2026,BruneiTimor-Leste02 Jun09:00,863.09
194,Macau,Asian Nations Cup 2027 Prel. Comp.2nd Leg10 September 2024Macau0Brunei110 September 2024East Asian Football Federation Championship 2025Group A14 December 2024Macau1Guam214 December 2024Friendly 202519 March 2025Hong Kong2Macau019 March 2025FIFA Series 2026™ RwandaSemi-final Group B26 March 2026Aruba4Macau126 March 2026FIFA Series 2026™ RwandaMatch for third place Group B29 March 2026Macau0Tanzania629 March 2026,,858.03
195,Cayman Islands,FIFA World Cup 26™ Concacaf QualifiersGroup A07 June 2025Cayman Islands0Honduras107 June 2025CONCACAF Series 2025/26Group D13 November 2025Cayman Islands1British Virgin Islands213 November 2025CONCACAF Series 2025/26Group D16 November 2025Cayman Islands4Anguilla016 November 2025CONCACAF Series 2025/26Group D27 March 2026Cayman Islands1British Virgin Islands127 March 2026CONCACAF Series 2025/26Group D30 March 2026Cayman Islands1Bahamas030 March 2026,GibraltarCayman Islands06 Jun17:00,855.45
196,São Tomé and Príncipe,FIFA World Cup 26™ CAF QualifiersGroup H09 September 2025Namibia3São Tomé and Príncipe009 September 2025FIFA World Cup 26™ CAF QualifiersGroup H10 October 2025São Tomé and Príncipe0Tunisia610 October 2025FIFA World Cup 26™ CAF QualifiersGroup H13 October 2025São Tomé and Príncipe1Malawi013 October 2025CAN 2027 Prel. Comp.First Leg27 March 2026São Tomé and Príncipe0Ethiopia327 March 2026CAN 2027 Prel. Comp.Second Leg31 March 2026Ethiopia1São Tomé and Príncipe031 March 2026,,855.44
197,Djibouti,FIFA World Cup 26™ CAF QualifiersGroup A08 October 2025Djibouti0Egypt308 October 2025FIFA World Cup 26™ CAF QualifiersGroup A12 October 2025Djibouti1Sierra Leone212 October 2025FIFA Arab Cup Qatar 2025™Play-off26 November 2025Bahrain1Djibouti026 November 2025CAN 2027 Prel. Comp.First Leg26 March 2026Djibouti0South Sudan426 March 2026CAN 2027 Prel. Comp.Second Leg29 March 2026South Sudan0Djibouti129 March 2026,,853.58
198,Somalia,FIFA World Cup 26™ CAF QualifiersGroup G14 October 2025Somalia0Mozambique114 October 2025Friendly 202517 November 2025Bahrain1Somalia217 November 2025FIFA Arab Cup Qatar 2025™Play-off26 November 2025OmanWon 4 - 1 On Penalties0(4)Somalia0(1)26 November 2025CAN 2027 Prel. Comp.First Leg27 March 2026Somalia0Mauritius027 March 2026CAN 2027 Prel. Comp.Second Leg31 March 2026Mauritius0(2)SomaliaWon 4 - 2 On Penalties0(4)31 March 2026,,839.17
199,Tonga,Pacific Games 2023Play-off 11th place29 November 2023American Samoa2Tonga629 November 2023OFC Nations Cup 2024 Prel. Comp.Group Matches20 March 2024Tonga1Samoa420 March 2024OFC Nations Cup 2024 Prel. Comp.Group Matches26 March 2024Cook Islands1Tonga026 March 2024FIFA World Cup 26™ OFC QualifiersGroup Matches05 September 2024Cook Islands1Tonga305 September 2024FIFA World Cup 26™ OFC QualifiersGroup Matches09 September 2024Tonga1Samoa209 September 2024,,835.64
200,Timor-Leste,Asian Nations Cup 2027 Prel. Comp.Group A10 June 2025Timor-Leste1Maldives010 June 2025Asian Nations Cup 2027 Prel. Comp.Group A09 October 2025Timor-Leste1Philippines409 October 2025Asian Nations Cup 2027 Prel. Comp.Group A14 October 2025Philippines3Timor-Leste114 October 2025Asian Nations Cup 2027 Prel. Comp.Group A18 November 2025Timor-Leste0Tajikistan518 November 2025Asian Nations Cup 2027 Prel. Comp.Group A31 March 2026Maldives2Timor-Leste131 March 2026,BruneiTimor-Leste02 Jun09:00,825.64
201,Guam,FIFA World Cup 26™ AFC QualifiersRound One17 October 2023Guam0Singapore117 October 2023East Asian Football Federation Championship 2025Group A14 December 2024Macau1Guam214 December 2024East Asian Football Federation Championship 2025Final17 December 2024Guam0Hong Kong517 December 2024FIFA Series 2026™ Puerto RicoSemi-final26 March 2026Puerto Rico4Guam026 March 2026FIFA Series 2026™ Puerto RicoMatch for third place28 March 2026American Samoa0Guam628 March 2026,PhilippinesGuam03 Jun11:30,825.43
202,Pakistan,Asian Nations Cup 2027 Prel. Comp.Group E10 June 2025Myanmar1Pakistan010 June 2025Asian Nations Cup 2027 Prel. Comp.Group E09 October 2025Pakistan0Afghanistan009 October 2025Asian Nations Cup 2027 Prel. Comp.Group E14 October 2025Afghanistan1Pakistan114 October 2025Asian Nations Cup 2027 Prel. Comp.Group E18 November 2025Pakistan0Syria518 November 2025Asian Nations Cup 2027 Prel. Comp.Group E31 March 2026Pakistan1Myanmar231 March 2026,PakistanBangladesh01 Jun11:00,824.60
203,Gibraltar,FIFA World Cup 26™ UEFA QualifiersGroup L12 October 2025Croatia3Gibraltar012 October 2025FIFA World Cup 26™ UEFA QualifiersGroup L14 November 2025Gibraltar1Montenegro214 November 2025FIFA World Cup 26™ UEFA QualifiersGroup L17 November 2025Czechia6Gibraltar017 November 2025UEFA Nations League 2024/25League C vs League D26 March 2026Gibraltar0Latvia126 March 2026UEFA Nations League 2024/25League C vs League D31 March 2026Latvia1Gibraltar031 March 2026,GibraltarBritish Virgin Islands03 Jun17:00,810.14
204,Seychelles,FIFA World Cup 26™ CAF QualifiersGroup F09 September 2025Kenya5Seychelles009 September 2025FIFA World Cup 26™ CAF QualifiersGroup F10 October 2025Seychelles0Côte d'Ivoire710 October 2025FIFA World Cup 26™ CAF QualifiersGroup F14 October 2025Seychelles0The Gambia714 October 2025CAN 2027 Prel. Comp.First Leg26 March 2026Seychelles0Lesotho026 March 2026CAN 2027 Prel. Comp.Second Leg29 March 2026Lesotho2Seychelles129 March 2026,,804.16
205,Turks and Caicos Islands,FIFA World Cup 26™ Concacaf QualifiersFirst Round26 March 2024Turks and Caicos Islands1(3)AnguillaWon 4 - 3 On Penalties1(4)26 March 2024CONCACAF Nations League 2024/25Group B04 September 2024Anguilla2Turks and Caicos Islands004 September 2024CONCACAF Nations League 2024/25Group B07 September 2024Turks and Caicos Islands0Belize407 September 2024CONCACAF Nations League 2024/25Group B13 October 2024Turks and Caicos Islands2Anguilla113 October 2024CONCACAF Nations League 2024/25Group B16 October 2024Belize3Turks and Caicos Islands016 October 2024,,803.98
206,Liechtenstein,Friendly 202513 October 2025Montenegro2Liechtenstein113 October 2025FIFA World Cup 26™ UEFA QualifiersGroup J15 November 2025Liechtenstein0Wales115 November 2025FIFA World Cup 26™ UEFA QualifiersGroup J18 November 2025Belgium7Liechtenstein018 November 2025FIFA Series 2026™ RwandaSemi-final Group B26 March 2026Tanzania0Liechtenstein126 March 2026FIFA Series 2026™ RwandaFinal Group B29 March 2026Aruba4Liechtenstein129 March 2026,AndorraLiechtenstein04 Jun17:00,803.57
207,Bahamas,FIFA World Cup 26™ Concacaf QualifiersGroup B07 June 2025Bahamas0Costa Rica807 June 2025CONCACAF Series 2025/26Group D12 November 2025Bahamas1Anguilla212 November 2025CONCACAF Series 2025/26Group D15 November 2025Bahamas0British Virgin Islands615 November 2025CONCACAF Series 2025/26Group D26 March 2026Bahamas1Anguilla326 March 2026CONCACAF Series 2025/26Group D30 March 2026Cayman Islands1Bahamas030 March 2026,,786.82
208,British Virgin Islands,Friendly 202508 October 2025Grenada4British Virgin Islands108 October 2025CONCACAF Series 2025/26Group D13 November 2025Cayman Islands1British Virgin Islands213 November 2025CONCACAF Series 2025/26Group D15 November 2025Bahamas0British Virgin Islands615 November 2025CONCACAF Series 2025/26Group D27 March 2026Cayman Islands1British Virgin Islands127 March 2026CONCACAF Series 2025/26Group D29 March 2026British Virgin Islands4Anguilla029 March 2026,GibraltarBritish Virgin Islands03 Jun17:00,782.14
209,US Virgin Islands,CONCACAF Nations League 2024/25Group A10 October 2024US Virgin Islands0Barbados510 October 2024CONCACAF Nations League 2024/25Group A13 October 2024Bahamas3US Virgin Islands113 October 2024Friendly 202515 November 2025Grenada4US Virgin Islands115 November 2025FIFA Series 2026™ Puerto RicoSemi-final25 March 2026US Virgin Islands5American Samoa225 March 2026FIFA Series 2026™ Puerto RicoFinal29 March 2026US Virgin Islands0Puerto Rico229 March 2026,,779.76
210,Anguilla,FIFA World Cup 26™ Concacaf QualifiersGroup F07 June 2025Anguilla0El Salvador307 June 2025CONCACAF Series 2025/26Group D12 November 2025Bahamas1Anguilla212 November 2025CONCACAF Series 2025/26Group D16 November 2025Cayman Islands4Anguilla016 November 2025CONCACAF Series 2025/26Group D26 March 2026Bahamas1Anguilla326 March 2026CONCACAF Series 2025/26Group D29 March 2026British Virgin Islands4Anguilla029 March 2026,,760.25
211,San Marino,FIFA World Cup 26™ UEFA QualifiersGroup H12 October 2025San Marino0Cyprus412 October 2025Friendly 202513 November 2025Czechia1San Marino013 November 2025FIFA World Cup 26™ UEFA QualifiersGroup H18 November 2025Romania7San Marino118 November 2025Friendly 202628 March 2026San Marino1Faroe Islands228 March 2026Friendly 202631 March 2026San Marino0Andorra031 March 2026,San MarinoBangladesh05 Jun17:00,726.33
